,mean_fit_time,std_fit_time,mean_score_time,std_score_time,param_C,param_gamma,param_shrinking,param_tol,params,split0_test_score,split1_test_score,split2_test_score,split3_test_score,split4_test_score,mean_test_score,std_test_score,rank_test_score,split0_train_score,split1_train_score,split2_train_score,split3_train_score,split4_train_score,mean_train_score,std_train_score
127,0.028539752960205077,0.0014599744449165259,0.006392860412597656,0.00020968512687941044,128,0.01,True,0.001,"{'C': 128, 'gamma': 0.01, 'shrinking': True, 'tol': 0.001}",0.7333333333333333,0.7333333333333333,0.7666666666666667,0.6551724137931034,0.6551724137931034,0.7092124560864969,0.045314513296918726,1,1.0,1.0,1.0,1.0,1.0,1.0,0.0
83,0.02872157096862793,0.001010291587613053,0.0064640045166015625,0.00017824081126752538,8,0.01,True,0.001,"{'C': 8, 'gamma': 0.01, 'shrinking': True, 'tol': 0.001}",0.7333333333333333,0.7333333333333333,0.7666666666666667,0.6551724137931034,0.6551724137931034,0.7092124560864969,0.045314513296918726,1,1.0,1.0,1.0,1.0,1.0,1.0,0.0
138,0.02794480323791504,0.0009870963041011978,0.006412315368652344,0.0002479935304840862,256,0.01,True,0.001,"{'C': 256, 'gamma': 0.01, 'shrinking': True, 'tol': 0.001}",0.7333333333333333,0.7333333333333333,0.7666666666666667,0.6551724137931034,0.6551724137931034,0.7092124560864969,0.045314513296918726,1,1.0,1.0,1.0,1.0,1.0,1.0,0.0
72,0.030198097229003906,0.003197728335556062,0.007622241973876953,0.0021251269201166593,4,0.01,True,0.001,"{'C': 4, 'gamma': 0.01, 'shrinking': True, 'tol': 0.001}",0.7333333333333333,0.7333333333333333,0.7666666666666667,0.6551724137931034,0.6551724137931034,0.7092124560864969,0.045314513296918726,1,1.0,1.0,1.0,1.0,0.9915966386554622,0.9983193277310924,0.003361344537815114
116,0.028801774978637694,0.0018841856421164761,0.006373310089111328,0.00014597484701046494,64,0.01,True,0.001,"{'C': 64, 'gamma': 0.01, 'shrinking': True, 'tol': 0.001}",0.7333333333333333,0.7333333333333333,0.7666666666666667,0.6551724137931034,0.6551724137931034,0.7092124560864969,0.045314513296918726,1,1.0,1.0,1.0,1.0,1.0,1.0,0.0
105,0.030196762084960936,0.002700268670485942,0.006547403335571289,0.000351654857476335,32,0.01,True,0.001,"{'C': 32, 'gamma': 0.01, 'shrinking': True, 'tol': 0.001}",0.7333333333333333,0.7333333333333333,0.7666666666666667,0.6551724137931034,0.6551724137931034,0.7092124560864969,0.045314513296918726,1,1.0,1.0,1.0,1.0,1.0,1.0,0.0
94,0.034575605392456056,0.006133559558843556,0.009703731536865235,0.0029799751079260853,16,0.01,True,0.001,"{'C': 16, 'gamma': 0.01, 'shrinking': True, 'tol': 0.001}",0.7333333333333333,0.7333333333333333,0.7666666666666667,0.6551724137931034,0.6551724137931034,0.7092124560864969,0.045314513296918726,1,1.0,1.0,1.0,1.0,1.0,1.0,0.0
28,0.024700117111206055,0.0005446995701363262,0.006193828582763672,0.00029043882394114737,0.5,0.01,True,0.001,"{'C': 0.5, 'gamma': 0.01, 'shrinking': True, 'tol': 0.001}",0.6666666666666666,0.6666666666666666,0.8,0.6896551724137931,0.6896551724137931,0.7026433370851666,0.05001452222838479,8,0.8305084745762712,0.8135593220338984,0.7796610169491526,0.7815126050420168,0.8151260504201681,0.8040734938043015,0.020079396810213826
39,0.025722646713256837,0.0015998593626021188,0.007033538818359375,0.00195584366060388,0.75,0.01,True,0.001,"{'C': 0.75, 'gamma': 0.01, 'shrinking': True, 'tol': 0.001}",0.6666666666666666,0.7,0.8,0.6551724137931034,0.6896551724137931,0.7025137282990552,0.05153796291947729,9,0.864406779661017,0.8559322033898306,0.8305084745762712,0.8151260504201681,0.8487394957983193,0.8429426007691211,0.01784047483237119
50,0.026435375213623047,0.0005676984781980825,0.006476783752441406,0.0005068788770664431,1,0.01,True,0.001,"{'C': 1, 'gamma': 0.01, 'shrinking': True, 'tol': 0.001}",0.6666666666666666,0.7,0.8,0.6551724137931034,0.6896551724137931,0.7025137282990552,0.05153796291947729,9,0.8728813559322034,0.8813559322033898,0.8813559322033898,0.8571428571428571,0.8991596638655462,0.8783791482694774,0.013643739187006029
61,0.034735584259033205,0.0028664282505128577,0.00645756721496582,0.0001347855951795823,2,0.01,True,0.001,"{'C': 2, 'gamma': 0.01, 'shrinking': True, 'tol': 0.001}",0.7333333333333333,0.7333333333333333,0.7666666666666667,0.6206896551724138,0.6551724137931034,0.7023568334527098,0.05462382820958202,11,0.9745762711864406,0.9661016949152542,0.9745762711864406,0.9663865546218487,0.9831932773109243,0.9729668138441816,0.00632757347252705
17,0.025010395050048827,0.001286437223256241,0.006113433837890625,0.00014842820209495772,0.25,0.01,True,0.001,"{'C': 0.25, 'gamma': 0.01, 'shrinking': True, 'tol': 0.001}",0.6666666666666666,0.6666666666666666,0.7666666666666667,0.6551724137931034,0.6551724137931034,0.6823084006957946,0.04272331654426766,12,0.7711864406779662,0.7627118644067796,0.7542372881355932,0.7478991596638656,0.7478991596638656,0.7567867825096141,0.00902148936831623
104,0.022120237350463867,0.0039727103610728886,0.005233478546142578,0.00045578727139324824,32,0.001,True,0.001,"{'C': 32, 'gamma': 0.001, 'shrinking': True, 'tol': 0.001}",0.6333333333333333,0.6333333333333333,0.7333333333333333,0.6896551724137931,0.6896551724137931,0.6757392816944643,0.038359565805682505,13,0.940677966101695,0.940677966101695,0.940677966101695,0.907563025210084,0.9663865546218487,0.9391966956274034,0.018689890437685455
93,0.02533855438232422,0.002573294278724907,0.006514978408813476,0.002103856264230938,16,0.001,True,0.001,"{'C': 16, 'gamma': 0.001, 'shrinking': True, 'tol': 0.001}",0.6666666666666666,0.6666666666666666,0.7666666666666667,0.6206896551724138,0.6551724137931034,0.6754527780620075,0.048854387390701005,14,0.8728813559322034,0.8813559322033898,0.9067796610169492,0.865546218487395,0.8991596638655462,0.8851445663010967,0.015577776458851972
136,0.019814538955688476,0.0009864322858092057,0.004303121566772461,0.0003651723626072059,256,0.0001,True,0.001,"{'C': 256, 'gamma': 0.0001, 'shrinking': True, 'tol': 0.001}",0.7,0.6,0.7,0.6551724137931034,0.6206896551724138,0.6553770592448582,0.04071866505469177,15,0.847457627118644,0.8813559322033898,0.8813559322033898,0.8571428571428571,0.8907563025210085,0.8716137302378579,0.016426701177824986
82,0.020427131652832033,0.0014874408938538796,0.007333946228027344,0.003888330281348443,8,0.001,True,0.001,"{'C': 8, 'gamma': 0.001, 'shrinking': True, 'tol': 0.001}",0.6333333333333333,0.7,0.7,0.6551724137931034,0.5862068965517241,0.6553497731846243,0.04287956345767805,16,0.8135593220338984,0.8305084745762712,0.8389830508474576,0.8067226890756303,0.8235294117647058,0.8226605896595925,0.011537908269386625
125,0.019395160675048827,0.0009695069400091466,0.004555654525756836,0.00021764372179643296,128,0.0001,True,0.001,"{'C': 128, 'gamma': 0.0001, 'shrinking': True, 'tol': 0.001}",0.7,0.6,0.6666666666666666,0.6551724137931034,0.6206896551724138,0.6486510453971827,0.03516677193402972,17,0.7796610169491526,0.8559322033898306,0.8305084745762712,0.8319327731092437,0.8319327731092437,0.8259934482267484,0.025035813834843317
137,0.027123403549194337,0.002625484780850725,0.005225992202758789,0.0014787318240034927,256,0.001,True,0.001,"{'C': 256, 'gamma': 0.001, 'shrinking': True, 'tol': 0.001}",0.7,0.6,0.7,0.5862068965517241,0.6551724137931034,0.6484191138851939,0.04822007066808395,18,1.0,1.0,1.0,1.0,1.0,1.0,0.0
114,0.019196557998657226,0.0005068828424623586,0.004825401306152344,0.00028843005866021064,64,0.0001,True,0.001,"{'C': 64, 'gamma': 0.0001, 'shrinking': True, 'tol': 0.001}",0.6666666666666666,0.6666666666666666,0.6333333333333333,0.6206896551724138,0.5862068965517241,0.6350421228554861,0.03020294102821184,19,0.7711864406779662,0.8135593220338984,0.788135593220339,0.7899159663865546,0.8151260504201681,0.7955846745477853,0.01666043339197559
126,0.02773761749267578,0.00128476930115085,0.004822492599487305,0.0007332358642712222,128,0.001,True,0.001,"{'C': 128, 'gamma': 0.001, 'shrinking': True, 'tol': 0.001}",0.6666666666666666,0.6,0.6666666666666666,0.5862068965517241,0.6551724137931034,0.6349670861898427,0.034711440076185825,20,1.0,1.0,1.0,1.0,1.0,1.0,0.0
115,0.025208234786987305,0.0020790391939634633,0.004484319686889648,0.00023267350121939685,64,0.001,True,0.001,"{'C': 64, 'gamma': 0.001, 'shrinking': True, 'tol': 0.001}",0.6,0.6,0.6333333333333333,0.6551724137931034,0.6551724137931034,0.62850028991439,0.024764355545479934,21,0.9576271186440678,0.9661016949152542,0.9745762711864406,0.9831932773109243,0.9831932773109243,0.9729383278735222,0.00994166497622896
71,0.02183566093444824,0.004079331032355627,0.0058902263641357425,0.0012491118891085164,4,0.001,True,0.001,"{'C': 4, 'gamma': 0.001, 'shrinking': True, 'tol': 0.001}",0.5666666666666667,0.6666666666666666,0.7,0.5862068965517241,0.6206896551724138,0.6282137862819331,0.049643196095581786,22,0.7627118644067796,0.788135593220339,0.7457627118644068,0.7563025210084033,0.7815126050420168,0.766885059108389,0.01575505963069701
103,0.020690345764160158,0.0014539054008830845,0.00524435043334961,0.0005474176472644571,32,0.0001,True,0.001,"{'C': 32, 'gamma': 0.0001, 'shrinking': True, 'tol': 0.001}",0.6,0.6666666666666666,0.7,0.5862068965517241,0.5862068965517241,0.6281865002216992,0.0468530779830572,23,0.7542372881355932,0.788135593220339,0.7542372881355932,0.7226890756302521,0.7563025210084033,0.7551203532260361,0.020711112799411836
135,0.02072005271911621,0.0014426463449255438,0.005011510848999023,0.00027877257500363893,256,1e-05,True,0.001,"{'C': 256, 'gamma': 1e-05, 'shrinking': True, 'tol': 0.001}",0.5666666666666667,0.6333333333333333,0.7,0.5172413793103449,0.5862068965517241,0.6010232272587741,0.06216177414372219,24,0.7372881355932204,0.7796610169491526,0.7542372881355932,0.7226890756302521,0.7394957983193278,0.7466742629255092,0.019288567812740378
60,0.025286483764648437,0.009542461225277018,0.005306768417358399,0.0001232860974060281,2,0.001,True,0.001,"{'C': 2, 'gamma': 0.001, 'shrinking': True, 'tol': 0.001}",0.5333333333333333,0.5666666666666667,0.6,0.5862068965517241,0.5517241379310345,0.5676250895323852,0.023814313549761493,25,0.7203389830508474,0.7203389830508474,0.6949152542372882,0.6890756302521008,0.6722689075630253,0.6993875516308219,0.018653058621411346
92,0.0251556396484375,0.005371519067333505,0.005462837219238281,0.0002182099471259942,16,0.0001,True,0.001,"{'C': 16, 'gamma': 0.0001, 'shrinking': True, 'tol': 0.001}",0.5,0.6,0.6333333333333333,0.5517241379310345,0.4827586206896552,0.5539888809304546,0.057274183838191,26,0.6949152542372882,0.7033898305084746,0.6779661016949152,0.680672268907563,0.680672268907563,0.687523144851161,0.009915655008157076
124,0.02212948799133301,0.0019319794091289383,0.0052433013916015625,6.825870206583577e-05,128,1e-05,True,0.001,"{'C': 128, 'gamma': 1e-05, 'shrinking': True, 'tol': 0.001}",0.5,0.5333333333333333,0.5666666666666667,0.5172413793103449,0.4482758620689655,0.5134759029980558,0.039018783493867455,27,0.6949152542372882,0.7033898305084746,0.6779661016949152,0.6470588235294118,0.6638655462184874,0.6774391112377154,0.0204271225204323
49,0.021110391616821288,0.0007668878132765456,0.006653642654418946,0.0015759133971650426,1,0.001,True,0.001,"{'C': 1, 'gamma': 0.001, 'shrinking': True, 'tol': 0.001}",0.43333333333333335,0.5,0.4666666666666667,0.4827586206896552,0.4827586206896552,0.47301749718612507,0.022589049285403836,28,0.6016949152542372,0.635593220338983,0.6101694915254238,0.5966386554621849,0.6386554621848739,0.6165503489531405,0.017373207943144054
38,0.022064924240112305,0.0003675403468323551,0.005804014205932617,0.000552454596384164,0.75,0.001,True,0.001,"{'C': 0.75, 'gamma': 0.001, 'shrinking': True, 'tol': 0.001}",0.43333333333333335,0.4666666666666667,0.4666666666666667,0.4482758620689655,0.4482758620689655,0.45268256079675295,0.012732925694487727,29,0.5423728813559322,0.5677966101694916,0.5508474576271186,0.5546218487394958,0.5546218487394958,0.5540521293263068,0.008200422768629418
81,0.022404909133911133,0.0010676412403465808,0.005568122863769532,4.641994428291026e-05,8,0.0001,True,0.001,"{'C': 8, 'gamma': 0.0001, 'shrinking': True, 'tol': 0.001}",0.36666666666666664,0.5,0.43333333333333335,0.3793103448275862,0.3448275862068966,0.4052593881100993,0.05585518388064368,30,0.6016949152542372,0.5847457627118644,0.6016949152542372,0.5546218487394958,0.5966386554621849,0.5878792194844039,0.01774455340699036
27,0.02564725875854492,0.0038621929811711664,0.005858516693115235,0.0003107151053292852,0.5,0.001,True,0.001,"{'C': 0.5, 'gamma': 0.001, 'shrinking': True, 'tol': 0.001}",0.43333333333333335,0.3333333333333333,0.36666666666666664,0.3793103448275862,0.3448275862068966,0.3716293188717214,0.03495089232058003,31,0.4915254237288136,0.4830508474576271,0.4576271186440678,0.3949579831932773,0.453781512605042,0.4561885771257656,0.033844713885218265
113,0.022379589080810548,0.0010344722999075114,0.005637168884277344,6.822638315497118e-05,64,1e-05,True,0.001,"{'C': 64, 'gamma': 1e-05, 'shrinking': True, 'tol': 0.001}",0.3333333333333333,0.43333333333333335,0.4,0.27586206896551724,0.3448275862068966,0.3577884648180361,0.05476400361250152,32,0.576271186440678,0.5847457627118644,0.5423728813559322,0.5378151260504201,0.5882352941176471,0.5658880501353083,0.021465667407096864
70,0.023551511764526366,0.0010862262589833515,0.006545639038085938,0.0010083938603224689,4,0.0001,True,0.001,"{'C': 4, 'gamma': 0.0001, 'shrinking': True, 'tol': 0.001}",0.3333333333333333,0.3333333333333333,0.26666666666666666,0.2413793103448276,0.2413793103448276,0.2835908455267915,0.04194687779204381,33,0.423728813559322,0.4406779661016949,0.4152542372881356,0.3277310924369748,0.42016806722689076,0.40551203532260355,0.0398197904147668
102,0.022594642639160157,0.00018956987319164264,0.006576633453369141,0.0011384993347178687,32,1e-05,True,0.001,"{'C': 32, 'gamma': 1e-05, 'shrinking': True, 'tol': 0.001}",0.3,0.3,0.2,0.2413793103448276,0.2413793103448276,0.25668679013608925,0.03870361130238642,34,0.3728813559322034,0.3728813559322034,0.3728813559322034,0.29411764705882354,0.3697478991596639,0.35650192280301957,0.03121573718068782
16,0.02663393020629883,0.002295311149682483,0.0063836097717285155,0.0002623325768868946,0.25,0.001,True,0.001,"{'C': 0.25, 'gamma': 0.001, 'shrinking': True, 'tol': 0.001}",0.3,0.26666666666666666,0.23333333333333334,0.2413793103448276,0.20689655172413793,0.24993349022817965,0.03154655347562044,35,0.3050847457627119,0.3389830508474576,0.3050847457627119,0.25210084033613445,0.31092436974789917,0.30243555049138304,0.02812614211807662
134,0.024770307540893554,0.0017148343996931555,0.00620737075805664,0.0003341416303769589,256,1e-06,True,0.001,"{'C': 256, 'gamma': 1e-06, 'shrinking': True, 'tol': 0.001}",0.23333333333333334,0.26666666666666666,0.16666666666666666,0.2413793103448276,0.1724137931034483,0.21627613492956785,0.03962001600163047,36,0.3305084745762712,0.288135593220339,0.2966101694915254,0.2184873949579832,0.31092436974789917,0.28893320039880355,0.03803760898936701
5,0.03273243904113769,0.005506577118963915,0.009068584442138672,0.003833499872188948,0.125,0.001,True,0.001,"{'C': 0.125, 'gamma': 0.001, 'shrinking': True, 'tol': 0.001}",0.13333333333333333,0.2,0.13333333333333333,0.1724137931034483,0.1724137931034483,0.16220880657594053,0.02580240753492429,37,0.2033898305084746,0.2033898305084746,0.19491525423728814,0.16806722689075632,0.15126050420168066,0.18420452926933487,0.020959926108305417
59,0.023606204986572267,0.00046063349598913334,0.006508970260620117,0.00023430424256399443,2,0.0001,True,0.001,"{'C': 2, 'gamma': 0.0001, 'shrinking': True, 'tol': 0.001}",0.2,0.2,0.1,0.13793103448275862,0.1724137931034483,0.16207919778982913,0.03866256310147262,38,0.23728813559322035,0.22033898305084745,0.23728813559322035,0.19327731092436976,0.21008403361344538,0.21965531975502067,0.016791120585259344
91,0.026231908798217775,0.001848021139463193,0.008882236480712891,0.0027984128348621205,16,1e-05,True,0.001,"{'C': 16, 'gamma': 1e-05, 'shrinking': True, 'tol': 0.001}",0.06666666666666667,0.1,0.1,0.13793103448275862,0.13793103448275862,0.1082438009481906,0.026908377296639554,39,0.16101694915254236,0.1694915254237288,0.17796610169491525,0.13445378151260504,0.17647058823529413,0.16387978920381713,0.015890436023295484
123,0.024944448471069337,0.0013142206538646012,0.006485080718994141,0.00029067203118008186,128,1e-06,True,0.001,"{'C': 128, 'gamma': 1e-06, 'shrinking': True, 'tol': 0.001}",0.06666666666666667,0.1,0.06666666666666667,0.0,0.10344827586206896,0.06734199665745762,0.037044770599387676,40,0.1271186440677966,0.1271186440677966,0.11864406779661017,0.08403361344537816,0.10084033613445378,0.11155106110240706,0.01677462117383905
48,0.02446737289428711,0.0010383397601452578,0.006836414337158203,0.0010591764093166767,1,0.0001,True,0.001,"{'C': 1, 'gamma': 0.0001, 'shrinking': True, 'tol': 0.001}",0.06666666666666667,0.1,0.03333333333333333,0.0,0.06896551724137931,0.053862682901872516,0.03419221395773038,41,0.1016949152542373,0.1016949152542373,0.11864406779661017,0.08403361344537816,0.08403361344537816,0.09802022503916823,0.012989227799898074
6,0.03234095573425293,0.004145183786855082,0.007584714889526367,0.0011609741884635982,0.125,0.01,True,0.001,"{'C': 0.125, 'gamma': 0.01, 'shrinking': True, 'tol': 0.001}",0.0,0.23333333333333334,0.0,0.0,0.0,0.04708209693372898,0.09364346622265242,42,0.3983050847457627,0.4915254237288136,0.2627118644067797,0.0,0.0,0.2305084745762712,0.20178747342132405
37,0.027887439727783202,0.004400655699536614,0.008139371871948242,0.0016023348899485781,0.75,0.0001,True,0.001,"{'C': 0.75, 'gamma': 0.0001, 'shrinking': True, 'tol': 0.001}",0.0,0.03333333333333333,0.0,0.0,0.0,0.006726013847675569,0.013377638031807488,43,0.0423728813559322,0.01694915254237288,0.0423728813559322,0.025210084033613446,0.01680672268907563,0.028742344395385273,0.01153775002786162
90,0.03696136474609375,0.0037289746517607707,0.010607242584228516,0.0033627161227740903,16,1e-06,True,0.001,"{'C': 16, 'gamma': 1e-06, 'shrinking': True, 'tol': 0.001}",0.0,0.0,0.0,0.0,0.0,0.0,0.0,44,0.0,0.0,0.0,0.0,0.0,0.0,0.0
89,0.03331003189086914,0.008134673005594265,0.013404178619384765,0.005663943419522698,16,1e-07,True,0.001,"{'C': 16, 'gamma': 1e-07, 'shrinking': True, 'tol': 0.001}",0.0,0.0,0.0,0.0,0.0,0.0,0.0,44,0.0,0.0,0.0,0.0,0.0,0.0,0.0
88,0.03389682769775391,0.0027403216307800905,0.00733799934387207,0.0015299612094222639,16,1e-08,True,0.001,"{'C': 16, 'gamma': 1e-08, 'shrinking': True, 'tol': 0.001}",0.0,0.0,0.0,0.0,0.0,0.0,0.0,44,0.0,0.0,0.0,0.0,0.0,0.0,0.0
87,0.03182749748229981,0.004183747412374935,0.011506938934326172,0.002688917766807194,8,4,True,0.001,"{'C': 8, 'gamma': 4, 'shrinking': True, 'tol': 0.001}",0.0,0.0,0.0,0.0,0.0,0.0,0.0,44,1.0,1.0,1.0,1.0,1.0,1.0,0.0
86,0.02999267578125,0.004783787027026743,0.00833578109741211,0.0016323290950351673,8,2,True,0.001,"{'C': 8, 'gamma': 2, 'shrinking': True, 'tol': 0.001}",0.0,0.0,0.0,0.0,0.0,0.0,0.0,44,1.0,1.0,1.0,1.0,1.0,1.0,0.0
85,0.02717561721801758,0.00031221440107971626,0.007790946960449218,0.0013813579953390728,8,1,True,0.001,"{'C': 8, 'gamma': 1, 'shrinking': True, 'tol': 0.001}",0.0,0.0,0.0,0.0,0.0,0.0,0.0,44,1.0,1.0,1.0,1.0,1.0,1.0,0.0
84,0.028260326385498045,0.000503180422391488,0.007061386108398437,0.0005176298429759697,8,0.1,True,0.001,"{'C': 8, 'gamma': 0.1, 'shrinking': True, 'tol': 0.001}",0.0,0.0,0.0,0.0,0.0,0.0,0.0,44,1.0,1.0,1.0,1.0,1.0,1.0,0.0
139,0.029130220413208008,0.0016887661388557147,0.007708883285522461,0.001462334127491408,256,0.1,True,0.001,"{'C': 256, 'gamma': 0.1, 'shrinking': True, 'tol': 0.001}",0.0,0.0,0.0,0.0,0.0,0.0,0.0,44,1.0,1.0,1.0,1.0,1.0,1.0,0.0
140,0.028243160247802733,0.001047696916169774,0.007135868072509766,0.0004771472876059538,256,1,True,0.001,"{'C': 256, 'gamma': 1, 'shrinking': True, 'tol': 0.001}",0.0,0.0,0.0,0.0,0.0,0.0,0.0,44,1.0,1.0,1.0,1.0,1.0,1.0,0.0
95,0.03670029640197754,0.005843486897515448,0.008173894882202149,0.002243720968790402,16,0.1,True,0.001,"{'C': 16, 'gamma': 0.1, 'shrinking': True, 'tol': 0.001}",0.0,0.0,0.0,0.0,0.0,0.0,0.0,44,1.0,1.0,1.0,1.0,1.0,1.0,0.0
96,0.032313966751098634,0.0019906272223465652,0.00881023406982422,0.0028200144593603163,16,1,True,0.001,"{'C': 16, 'gamma': 1, 'shrinking': True, 'tol': 0.001}",0.0,0.0,0.0,0.0,0.0,0.0,0.0,44,1.0,1.0,1.0,1.0,1.0,1.0,0.0
97,0.03184652328491211,0.0020662606261019644,0.009052658081054687,0.0019626820491856186,16,2,True,0.001,"{'C': 16, 'gamma': 2, 'shrinking': True, 'tol': 0.001}",0.0,0.0,0.0,0.0,0.0,0.0,0.0,44,1.0,1.0,1.0,1.0,1.0,1.0,0.0
133,0.024651145935058592,0.0008250967112906198,0.006370067596435547,0.00014740578371165257,256,1e-07,True,0.001,"{'C': 256, 'gamma': 1e-07, 'shrinking': True, 'tol': 0.001}",0.0,0.0,0.0,0.0,0.0,0.0,0.0,44,0.0,0.0,0.0,0.0,0.0,0.0,0.0
99,0.02448301315307617,0.001578544730440167,0.0063076019287109375,0.0003059430832563705,32,1e-08,True,0.001,"{'C': 32, 'gamma': 1e-08, 'shrinking': True, 'tol': 0.001}",0.0,0.0,0.0,0.0,0.0,0.0,0.0,44,0.0,0.0,0.0,0.0,0.0,0.0,0.0
122,0.023951196670532228,0.000741069679181896,0.006166267395019531,0.00010971155716737712,128,1e-07,True,0.001,"{'C': 128, 'gamma': 1e-07, 'shrinking': True, 'tol': 0.001}",0.0,0.0,0.0,0.0,0.0,0.0,0.0,44,0.0,0.0,0.0,0.0,0.0,0.0,0.0
121,0.024355173110961914,0.0008108125914116834,0.006330537796020508,0.0003722423526158673,128,1e-08,True,0.001,"{'C': 128, 'gamma': 1e-08, 'shrinking': True, 'tol': 0.001}",0.0,0.0,0.0,0.0,0.0,0.0,0.0,44,0.0,0.0,0.0,0.0,0.0,0.0,0.0
120,0.029077625274658202,0.0016024971928864295,0.006904411315917969,0.00022447371443332624,64,4,True,0.001,"{'C': 64, 'gamma': 4, 'shrinking': True, 'tol': 0.001}",0.0,0.0,0.0,0.0,0.0,0.0,0.0,44,1.0,1.0,1.0,1.0,1.0,1.0,0.0
119,0.0289762020111084,0.0012734521294595032,0.007245016098022461,0.0005934784194752029,64,2,True,0.001,"{'C': 64, 'gamma': 2, 'shrinking': True, 'tol': 0.001}",0.0,0.0,0.0,0.0,0.0,0.0,0.0,44,1.0,1.0,1.0,1.0,1.0,1.0,0.0
118,0.03235745429992676,0.0022532280094018746,0.007235956192016601,0.00035531483008154605,64,1,True,0.001,"{'C': 64, 'gamma': 1, 'shrinking': True, 'tol': 0.001}",0.0,0.0,0.0,0.0,0.0,0.0,0.0,44,1.0,1.0,1.0,1.0,1.0,1.0,0.0
117,0.02942171096801758,0.001064145923393915,0.007043695449829102,0.0004370642571694795,64,0.1,True,0.001,"{'C': 64, 'gamma': 0.1, 'shrinking': True, 'tol': 0.001}",0.0,0.0,0.0,0.0,0.0,0.0,0.0,44,1.0,1.0,1.0,1.0,1.0,1.0,0.0
128,0.02899942398071289,0.0018833900403413897,0.006800031661987305,0.0002558133629161546,128,0.1,True,0.001,"{'C': 128, 'gamma': 0.1, 'shrinking': True, 'tol': 0.001}",0.0,0.0,0.0,0.0,0.0,0.0,0.0,44,1.0,1.0,1.0,1.0,1.0,1.0,0.0
129,0.02859210968017578,0.0020199973838554387,0.006870269775390625,0.0002373821141032727,128,1,True,0.001,"{'C': 128, 'gamma': 1, 'shrinking': True, 'tol': 0.001}",0.0,0.0,0.0,0.0,0.0,0.0,0.0,44,1.0,1.0,1.0,1.0,1.0,1.0,0.0
130,0.028623580932617188,0.0006293850763228439,0.006842565536499023,6.312726099107484e-05,128,2,True,0.001,"{'C': 128, 'gamma': 2, 'shrinking': True, 'tol': 0.001}",0.0,0.0,0.0,0.0,0.0,0.0,0.0,44,1.0,1.0,1.0,1.0,1.0,1.0,0.0
98,0.03420600891113281,0.008157707827903104,0.008017587661743163,0.0010196877536440762,16,4,True,0.001,"{'C': 16, 'gamma': 4, 'shrinking': True, 'tol': 0.001}",0.0,0.0,0.0,0.0,0.0,0.0,0.0,44,1.0,1.0,1.0,1.0,1.0,1.0,0.0
112,0.024344444274902344,0.0010893653530040473,0.006392002105712891,0.00043231598855803823,64,1e-06,True,0.001,"{'C': 64, 'gamma': 1e-06, 'shrinking': True, 'tol': 0.001}",0.0,0.0,0.0,0.0,0.0,0.0,0.0,44,0.0,0.0,0.0,0.008403361344537815,0.0,0.001680672268907563,0.003361344537815126
110,0.026250314712524415,0.0026836408455485536,0.00667276382446289,0.0007823827729645527,64,1e-08,True,0.001,"{'C': 64, 'gamma': 1e-08, 'shrinking': True, 'tol': 0.001}",0.0,0.0,0.0,0.0,0.0,0.0,0.0,44,0.0,0.0,0.0,0.0,0.0,0.0,0.0
109,0.03439531326293945,0.005088133903825017,0.009416627883911132,0.002282268507348242,32,4,True,0.001,"{'C': 32, 'gamma': 4, 'shrinking': True, 'tol': 0.001}",0.0,0.0,0.0,0.0,0.0,0.0,0.0,44,1.0,1.0,1.0,1.0,1.0,1.0,0.0
108,0.03667616844177246,0.0026050355295996505,0.00960845947265625,0.0025587916955960442,32,2,True,0.001,"{'C': 32, 'gamma': 2, 'shrinking': True, 'tol': 0.001}",0.0,0.0,0.0,0.0,0.0,0.0,0.0,44,1.0,1.0,1.0,1.0,1.0,1.0,0.0
107,0.028720521926879884,0.0022574261734898365,0.007820940017700196,0.0014024471141449372,32,1,True,0.001,"{'C': 32, 'gamma': 1, 'shrinking': True, 'tol': 0.001}",0.0,0.0,0.0,0.0,0.0,0.0,0.0,44,1.0,1.0,1.0,1.0,1.0,1.0,0.0
106,0.028261613845825196,0.0017032443835369308,0.006807565689086914,0.00022840908022998832,32,0.1,True,0.001,"{'C': 32, 'gamma': 0.1, 'shrinking': True, 'tol': 0.001}",0.0,0.0,0.0,0.0,0.0,0.0,0.0,44,1.0,1.0,1.0,1.0,1.0,1.0,0.0
131,0.027619600296020508,0.0009387133215955367,0.006685972213745117,6.5392961788165e-05,128,4,True,0.001,"{'C': 128, 'gamma': 4, 'shrinking': True, 'tol': 0.001}",0.0,0.0,0.0,0.0,0.0,0.0,0.0,44,1.0,1.0,1.0,1.0,1.0,1.0,0.0
132,0.023739004135131837,0.0003599089860218611,0.006133890151977539,0.00020644805601322233,256,1e-08,True,0.001,"{'C': 256, 'gamma': 1e-08, 'shrinking': True, 'tol': 0.001}",0.0,0.0,0.0,0.0,0.0,0.0,0.0,44,0.0,0.0,0.0,0.0,0.0,0.0,0.0
101,0.02413167953491211,0.0009190224155219217,0.006244754791259766,0.00017433446917375887,32,1e-06,True,0.001,"{'C': 32, 'gamma': 1e-06, 'shrinking': True, 'tol': 0.001}",0.0,0.0,0.0,0.0,0.0,0.0,0.0,44,0.0,0.0,0.0,0.0,0.0,0.0,0.0
100,0.024501895904541014,0.002051398347951274,0.006141471862792969,0.00014904555124968877,32,1e-07,True,0.001,"{'C': 32, 'gamma': 1e-07, 'shrinking': True, 'tol': 0.001}",0.0,0.0,0.0,0.0,0.0,0.0,0.0,44,0.0,0.0,0.0,0.0,0.0,0.0,0.0
111,0.02382521629333496,0.0010594292864566255,0.005996274948120117,5.207345591484647e-05,64,1e-07,True,0.001,"{'C': 64, 'gamma': 1e-07, 'shrinking': True, 'tol': 0.001}",0.0,0.0,0.0,0.0,0.0,0.0,0.0,44,0.0,0.0,0.0,0.0,0.0,0.0,0.0
80,0.02559175491333008,0.003148493652072127,0.006321048736572266,0.00035183246747398265,8,1e-05,True,0.001,"{'C': 8, 'gamma': 1e-05, 'shrinking': True, 'tol': 0.001}",0.0,0.0,0.0,0.0,0.0,0.0,0.0,44,0.025423728813559324,0.01694915254237288,0.025423728813559324,0.025210084033613446,0.01680672268907563,0.02196268337843612,0.004152654671354413
0,0.027642202377319337,0.003276030063945326,0.00822901725769043,0.0019637945416766025,0.125,1e-08,True,0.001,"{'C': 0.125, 'gamma': 1e-08, 'shrinking': True, 'tol': 0.001}",0.0,0.0,0.0,0.0,0.0,0.0,0.0,44,0.0,0.0,0.0,0.0,0.0,0.0,0.0
78,0.02392578125,0.0013528206413992963,0.006256484985351562,0.000376320012136555,8,1e-07,True,0.001,"{'C': 8, 'gamma': 1e-07, 'shrinking': True, 'tol': 0.001}",0.0,0.0,0.0,0.0,0.0,0.0,0.0,44,0.0,0.0,0.0,0.0,0.0,0.0,0.0
34,0.025319433212280272,0.00150664898054248,0.006822824478149414,0.0005807483515725347,0.75,1e-07,True,0.001,"{'C': 0.75, 'gamma': 1e-07, 'shrinking': True, 'tol': 0.001}",0.0,0.0,0.0,0.0,0.0,0.0,0.0,44,0.0,0.0,0.0,0.0,0.0,0.0,0.0
33,0.026993179321289064,0.003200713415028772,0.006998443603515625,0.0008403188502513272,0.75,1e-08,True,0.001,"{'C': 0.75, 'gamma': 1e-08, 'shrinking': True, 'tol': 0.001}",0.0,0.0,0.0,0.0,0.0,0.0,0.0,44,0.0,0.0,0.0,0.0,0.0,0.0,0.0
32,0.032260894775390625,0.0032376677679538837,0.007544136047363282,0.0009026050378695751,0.5,4,True,0.001,"{'C': 0.5, 'gamma': 4, 'shrinking': True, 'tol': 0.001}",0.0,0.0,0.0,0.0,0.0,0.0,0.0,44,0.0,0.0,0.0,0.0,0.0,0.0,0.0
31,0.03060779571533203,0.002841742689655962,0.008392333984375,0.0014519576368204562,0.5,2,True,0.001,"{'C': 0.5, 'gamma': 2, 'shrinking': True, 'tol': 0.001}",0.0,0.0,0.0,0.0,0.0,0.0,0.0,44,0.0,0.0,0.0,0.0,0.0,0.0,0.0
30,0.03035249710083008,0.0031575088056608634,0.007647943496704101,0.0004819222013454717,0.5,1,True,0.001,"{'C': 0.5, 'gamma': 1, 'shrinking': True, 'tol': 0.001}",0.0,0.0,0.0,0.0,0.0,0.0,0.0,44,0.0,0.0,0.0,0.0,0.0,0.0,0.0
29,0.028462982177734374,0.001258024687442095,0.006951665878295899,0.00026235992971967433,0.5,0.1,True,0.001,"{'C': 0.5, 'gamma': 0.1, 'shrinking': True, 'tol': 0.001}",0.0,0.0,0.0,0.0,0.0,0.0,0.0,44,0.0,0.0,0.0,0.0,0.0,0.0,0.0
26,0.025544404983520508,0.0009104823271525045,0.006557893753051758,0.000532426010665116,0.5,0.0001,True,0.001,"{'C': 0.5, 'gamma': 0.0001, 'shrinking': True, 'tol': 0.001}",0.0,0.0,0.0,0.0,0.0,0.0,0.0,44,0.0,0.0,0.0,0.0,0.0,0.0,0.0
25,0.02723274230957031,0.0018959160397601133,0.006888246536254883,0.0009258940331196645,0.5,1e-05,True,0.001,"{'C': 0.5, 'gamma': 1e-05, 'shrinking': True, 'tol': 0.001}",0.0,0.0,0.0,0.0,0.0,0.0,0.0,44,0.0,0.0,0.0,0.0,0.0,0.0,0.0
24,0.02707200050354004,0.0028243255534084856,0.006641960144042969,0.0005676723758151012,0.5,1e-06,True,0.001,"{'C': 0.5, 'gamma': 1e-06, 'shrinking': True, 'tol': 0.001}",0.0,0.0,0.0,0.0,0.0,0.0,0.0,44,0.0,0.0,0.0,0.0,0.0,0.0,0.0
23,0.02547144889831543,0.0018814324835640388,0.0071522235870361325,0.0008719854320183334,0.5,1e-07,True,0.001,"{'C': 0.5, 'gamma': 1e-07, 'shrinking': True, 'tol': 0.001}",0.0,0.0,0.0,0.0,0.0,0.0,0.0,44,0.0,0.0,0.0,0.0,0.0,0.0,0.0
22,0.026596593856811523,0.0028599291872401958,0.007411003112792969,0.001983257305574889,0.5,1e-08,True,0.001,"{'C': 0.5, 'gamma': 1e-08, 'shrinking': True, 'tol': 0.001}",0.0,0.0,0.0,0.0,0.0,0.0,0.0,44,0.0,0.0,0.0,0.0,0.0,0.0,0.0
21,0.039292335510253906,0.013694248149931063,0.010965728759765625,0.0027271389902620027,0.25,4,True,0.001,"{'C': 0.25, 'gamma': 4, 'shrinking': True, 'tol': 0.001}",0.0,0.0,0.0,0.0,0.0,0.0,0.0,44,0.0,0.0,0.0,0.0,0.0,0.0,0.0
20,0.03759975433349609,0.012488152046249375,0.007608270645141602,0.0008552349616292831,0.25,2,True,0.001,"{'C': 0.25, 'gamma': 2, 'shrinking': True, 'tol': 0.001}",0.0,0.0,0.0,0.0,0.0,0.0,0.0,44,0.0,0.0,0.0,0.0,0.0,0.0,0.0
35,0.0269986629486084,0.004215516896376221,0.006874799728393555,0.0009032132594363928,0.75,1e-06,True,0.001,"{'C': 0.75, 'gamma': 1e-06, 'shrinking': True, 'tol': 0.001}",0.0,0.0,0.0,0.0,0.0,0.0,0.0,44,0.0,0.0,0.0,0.0,0.0,0.0,0.0
19,0.029324960708618165,0.001500876011273385,0.0075530529022216795,0.0006358135188189487,0.25,1,True,0.001,"{'C': 0.25, 'gamma': 1, 'shrinking': True, 'tol': 0.001}",0.0,0.0,0.0,0.0,0.0,0.0,0.0,44,0.0,0.0,0.0,0.0,0.0,0.0,0.0
15,0.025828981399536134,0.001455986915916406,0.0065670013427734375,0.0002412509053018224,0.25,0.0001,True,0.001,"{'C': 0.25, 'gamma': 0.0001, 'shrinking': True, 'tol': 0.001}",0.0,0.0,0.0,0.0,0.0,0.0,0.0,44,0.0,0.0,0.0,0.0,0.0,0.0,0.0
14,0.02554922103881836,0.0023748671783853656,0.006358194351196289,0.0004934910148756232,0.25,1e-05,True,0.001,"{'C': 0.25, 'gamma': 1e-05, 'shrinking': True, 'tol': 0.001}",0.0,0.0,0.0,0.0,0.0,0.0,0.0,44,0.0,0.0,0.0,0.0,0.0,0.0,0.0
13,0.025742006301879884,0.0024297312957336243,0.006872844696044922,0.0011725117042142665,0.25,1e-06,True,0.001,"{'C': 0.25, 'gamma': 1e-06, 'shrinking': True, 'tol': 0.001}",0.0,0.0,0.0,0.0,0.0,0.0,0.0,44,0.0,0.0,0.0,0.0,0.0,0.0,0.0
12,0.024241924285888672,0.00072186706273412,0.007795286178588867,0.002749398435739372,0.25,1e-07,True,0.001,"{'C': 0.25, 'gamma': 1e-07, 'shrinking': True, 'tol': 0.001}",0.0,0.0,0.0,0.0,0.0,0.0,0.0,44,0.0,0.0,0.0,0.0,0.0,0.0,0.0
11,0.028317022323608398,0.003849459371654249,0.006582927703857422,0.00047811388279705205,0.25,1e-08,True,0.001,"{'C': 0.25, 'gamma': 1e-08, 'shrinking': True, 'tol': 0.001}",0.0,0.0,0.0,0.0,0.0,0.0,0.0,44,0.0,0.0,0.0,0.0,0.0,0.0,0.0
10,0.03138160705566406,0.0014047410157946919,0.007352638244628906,0.0002996362294084341,0.125,4,True,0.001,"{'C': 0.125, 'gamma': 4, 'shrinking': True, 'tol': 0.001}",0.0,0.0,0.0,0.0,0.0,0.0,0.0,44,0.0,0.0,0.0,0.0,0.0,0.0,0.0
9,0.031006717681884767,0.0011610916321570133,0.009445285797119141,0.0022180538235297923,0.125,2,True,0.001,"{'C': 0.125, 'gamma': 2, 'shrinking': True, 'tol': 0.001}",0.0,0.0,0.0,0.0,0.0,0.0,0.0,44,0.0,0.0,0.0,0.0,0.0,0.0,0.0
8,0.033257579803466795,0.004503951040865764,0.007920026779174805,0.0012436005600778212,0.125,1,True,0.001,"{'C': 0.125, 'gamma': 1, 'shrinking': True, 'tol': 0.001}",0.0,0.0,0.0,0.0,0.0,0.0,0.0,44,0.0,0.0,0.0,0.0,0.0,0.0,0.0
7,0.035695219039916994,0.008062513921165899,0.010062837600708007,0.002973582411861912,0.125,0.1,True,0.001,"{'C': 0.125, 'gamma': 0.1, 'shrinking': True, 'tol': 0.001}",0.0,0.0,0.0,0.0,0.0,0.0,0.0,44,0.0,0.0,0.0,0.0,0.0,0.0,0.0
4,0.02372598648071289,0.0004490807952871965,0.006270551681518554,0.00020758176713580502,0.125,0.0001,True,0.001,"{'C': 0.125, 'gamma': 0.0001, 'shrinking': True, 'tol': 0.001}",0.0,0.0,0.0,0.0,0.0,0.0,0.0,44,0.0,0.0,0.0,0.0,0.0,0.0,0.0
3,0.024253654479980468,0.0009189440802752817,0.006289196014404297,0.00026818520626332293,0.125,1e-05,True,0.001,"{'C': 0.125, 'gamma': 1e-05, 'shrinking': True, 'tol': 0.001}",0.0,0.0,0.0,0.0,0.0,0.0,0.0,44,0.0,0.0,0.0,0.0,0.0,0.0,0.0
2,0.025699377059936523,0.0010539661373967777,0.006799554824829102,0.0005463208578869039,0.125,1e-06,True,0.001,"{'C': 0.125, 'gamma': 1e-06, 'shrinking': True, 'tol': 0.001}",0.0,0.0,0.0,0.0,0.0,0.0,0.0,44,0.0,0.0,0.0,0.0,0.0,0.0,0.0
1,0.026432371139526366,0.0025077910953697933,0.007004404067993164,0.0007136881594146676,0.125,1e-07,True,0.001,"{'C': 0.125, 'gamma': 1e-07, 'shrinking': True, 'tol': 0.001}",0.0,0.0,0.0,0.0,0.0,0.0,0.0,44,0.0,0.0,0.0,0.0,0.0,0.0,0.0
18,0.030151939392089842,0.0034505794695487268,0.007752418518066406,0.0015432101083015307,0.25,0.1,True,0.001,"{'C': 0.25, 'gamma': 0.1, 'shrinking': True, 'tol': 0.001}",0.0,0.0,0.0,0.0,0.0,0.0,0.0,44,0.0,0.0,0.0,0.0,0.0,0.0,0.0
79,0.02381100654602051,0.001256368772671384,0.006125974655151367,0.00020168923275961322,8,1e-06,True,0.001,"{'C': 8, 'gamma': 1e-06, 'shrinking': True, 'tol': 0.001}",0.0,0.0,0.0,0.0,0.0,0.0,0.0,44,0.0,0.0,0.0,0.0,0.0,0.0,0.0
36,0.03412919044494629,0.00325165495226749,0.009791135787963867,0.0017709749131407592,0.75,1e-05,True,0.001,"{'C': 0.75, 'gamma': 1e-05, 'shrinking': True, 'tol': 0.001}",0.0,0.0,0.0,0.0,0.0,0.0,0.0,44,0.0,0.0,0.0,0.0,0.0,0.0,0.0
41,0.027649927139282226,0.0009487378556210409,0.007461643218994141,0.0011093107775894248,0.75,1,True,0.001,"{'C': 0.75, 'gamma': 1, 'shrinking': True, 'tol': 0.001}",0.0,0.0,0.0,0.0,0.0,0.0,0.0,44,1.0,1.0,1.0,1.0,1.0,1.0,0.0
77,0.024448060989379884,0.001534688386400491,0.006994390487670898,0.000946262629227776,8,1e-08,True,0.001,"{'C': 8, 'gamma': 1e-08, 'shrinking': True, 'tol': 0.001}",0.0,0.0,0.0,0.0,0.0,0.0,0.0,44,0.0,0.0,0.0,0.0,0.0,0.0,0.0
76,0.0309598445892334,0.004172875880268083,0.008033132553100586,0.001576140399070945,4,4,True,0.001,"{'C': 4, 'gamma': 4, 'shrinking': True, 'tol': 0.001}",0.0,0.0,0.0,0.0,0.0,0.0,0.0,44,1.0,1.0,1.0,1.0,1.0,1.0,0.0
75,0.030109596252441407,0.0010809195444737103,0.006938266754150391,0.00021058860825066286,4,2,True,0.001,"{'C': 4, 'gamma': 2, 'shrinking': True, 'tol': 0.001}",0.0,0.0,0.0,0.0,0.0,0.0,0.0,44,1.0,1.0,1.0,1.0,1.0,1.0,0.0
74,0.028271961212158202,0.0005197928001810603,0.007398080825805664,0.0004438096215538687,4,1,True,0.001,"{'C': 4, 'gamma': 1, 'shrinking': True, 'tol': 0.001}",0.0,0.0,0.0,0.0,0.0,0.0,0.0,44,1.0,1.0,1.0,1.0,1.0,1.0,0.0
73,0.03268733024597168,0.00646450729819343,0.007439899444580078,0.0011601268474507522,4,0.1,True,0.001,"{'C': 4, 'gamma': 0.1, 'shrinking': True, 'tol': 0.001}",0.0,0.0,0.0,0.0,0.0,0.0,0.0,44,1.0,1.0,1.0,1.0,1.0,1.0,0.0
141,0.028999996185302735,0.002790972879400053,0.006490230560302734,0.0002878871319267468,256,2,True,0.001,"{'C': 256, 'gamma': 2, 'shrinking': True, 'tol': 0.001}",0.0,0.0,0.0,0.0,0.0,0.0,0.0,44,1.0,1.0,1.0,1.0,1.0,1.0,0.0
69,0.027105331420898438,0.0025416556103943513,0.006728839874267578,0.0006285718785387016,4,1e-05,True,0.001,"{'C': 4, 'gamma': 1e-05, 'shrinking': True, 'tol': 0.001}",0.0,0.0,0.0,0.0,0.0,0.0,0.0,44,0.0,0.0,0.0,0.0,0.0,0.0,0.0
68,0.025362586975097655,0.0016314724781184072,0.0064275264739990234,0.00023850730198844648,4,1e-06,True,0.001,"{'C': 4, 'gamma': 1e-06, 'shrinking': True, 'tol': 0.001}",0.0,0.0,0.0,0.0,0.0,0.0,0.0,44,0.0,0.0,0.0,0.0,0.0,0.0,0.0
67,0.024911832809448243,0.002716607543642267,0.006889915466308594,0.0013406362021098593,4,1e-07,True,0.001,"{'C': 4, 'gamma': 1e-07, 'shrinking': True, 'tol': 0.001}",0.0,0.0,0.0,0.0,0.0,0.0,0.0,44,0.0,0.0,0.0,0.0,0.0,0.0,0.0
66,0.02498202323913574,0.001330877703281615,0.006590461730957032,0.0005412350577461244,4,1e-08,True,0.001,"{'C': 4, 'gamma': 1e-08, 'shrinking': True, 'tol': 0.001}",0.0,0.0,0.0,0.0,0.0,0.0,0.0,44,0.0,0.0,0.0,0.0,0.0,0.0,0.0
65,0.030196189880371094,0.0023052181715027442,0.008700752258300781,0.0026429672769598465,2,4,True,0.001,"{'C': 2, 'gamma': 4, 'shrinking': True, 'tol': 0.001}",0.0,0.0,0.0,0.0,0.0,0.0,0.0,44,1.0,1.0,1.0,1.0,1.0,1.0,0.0
64,0.030636119842529296,0.0027703876558649366,0.007823753356933593,0.0011439664242506513,2,2,True,0.001,"{'C': 2, 'gamma': 2, 'shrinking': True, 'tol': 0.001}",0.0,0.0,0.0,0.0,0.0,0.0,0.0,44,1.0,1.0,1.0,1.0,1.0,1.0,0.0
63,0.031191158294677734,0.0013728828320258635,0.007593107223510742,0.0007092867442027016,2,1,True,0.001,"{'C': 2, 'gamma': 1, 'shrinking': True, 'tol': 0.001}",0.0,0.0,0.0,0.0,0.0,0.0,0.0,44,1.0,1.0,1.0,1.0,1.0,1.0,0.0
40,0.026498079299926758,0.0006283355625479859,0.008051729202270508,0.002487104515592952,0.75,0.1,True,0.001,"{'C': 0.75, 'gamma': 0.1, 'shrinking': True, 'tol': 0.001}",0.0,0.0,0.0,0.0,0.0,0.0,0.0,44,1.0,1.0,1.0,1.0,1.0,1.0,0.0
62,0.033676862716674805,0.004149228437410519,0.007615566253662109,0.0007834547405393031,2,0.1,True,0.001,"{'C': 2, 'gamma': 0.1, 'shrinking': True, 'tol': 0.001}",0.0,0.0,0.0,0.0,0.0,0.0,0.0,44,1.0,1.0,1.0,1.0,1.0,1.0,0.0
57,0.024161577224731445,0.0021242975037701534,0.006119775772094727,0.00011852002194674571,2,1e-06,True,0.001,"{'C': 2, 'gamma': 1e-06, 'shrinking': True, 'tol': 0.001}",0.0,0.0,0.0,0.0,0.0,0.0,0.0,44,0.0,0.0,0.0,0.0,0.0,0.0,0.0
56,0.02344937324523926,0.0005835565676647549,0.006148576736450195,0.00018235489871155783,2,1e-07,True,0.001,"{'C': 2, 'gamma': 1e-07, 'shrinking': True, 'tol': 0.001}",0.0,0.0,0.0,0.0,0.0,0.0,0.0,44,0.0,0.0,0.0,0.0,0.0,0.0,0.0
55,0.026594018936157225,0.0036564702572818297,0.006413555145263672,0.00042653603814475047,2,1e-08,True,0.001,"{'C': 2, 'gamma': 1e-08, 'shrinking': True, 'tol': 0.001}",0.0,0.0,0.0,0.0,0.0,0.0,0.0,44,0.0,0.0,0.0,0.0,0.0,0.0,0.0
54,0.027669334411621095,0.001175645998629096,0.007094478607177735,0.00035907954904635227,1,4,True,0.001,"{'C': 1, 'gamma': 4, 'shrinking': True, 'tol': 0.001}",0.0,0.0,0.0,0.0,0.0,0.0,0.0,44,1.0,1.0,1.0,1.0,1.0,1.0,0.0
53,0.027917909622192382,0.0006031319878783627,0.007132434844970703,0.0002859489347779259,1,2,True,0.001,"{'C': 1, 'gamma': 2, 'shrinking': True, 'tol': 0.001}",0.0,0.0,0.0,0.0,0.0,0.0,0.0,44,1.0,1.0,1.0,1.0,1.0,1.0,0.0
52,0.02765002250671387,0.0012220953530884,0.0071427345275878905,0.00037455427957521235,1,1,True,0.001,"{'C': 1, 'gamma': 1, 'shrinking': True, 'tol': 0.001}",0.0,0.0,0.0,0.0,0.0,0.0,0.0,44,1.0,1.0,1.0,1.0,1.0,1.0,0.0
51,0.028028535842895507,0.0008216107145118531,0.008327436447143555,0.001927500775714491,1,0.1,True,0.001,"{'C': 1, 'gamma': 0.1, 'shrinking': True, 'tol': 0.001}",0.0,0.0,0.0,0.0,0.0,0.0,0.0,44,1.0,1.0,1.0,1.0,1.0,1.0,0.0
47,0.02546272277832031,0.0005749594138032049,0.0062502861022949215,0.000111854004603264,1,1e-05,True,0.001,"{'C': 1, 'gamma': 1e-05, 'shrinking': True, 'tol': 0.001}",0.0,0.0,0.0,0.0,0.0,0.0,0.0,44,0.0,0.0,0.0,0.0,0.0,0.0,0.0
46,0.025341510772705078,0.0020169339431673817,0.006536293029785156,0.0007809854421323571,1,1e-06,True,0.001,"{'C': 1, 'gamma': 1e-06, 'shrinking': True, 'tol': 0.001}",0.0,0.0,0.0,0.0,0.0,0.0,0.0,44,0.0,0.0,0.0,0.0,0.0,0.0,0.0
45,0.023980998992919923,0.001144540348085856,0.006555032730102539,0.000501463761006083,1,1e-07,True,0.001,"{'C': 1, 'gamma': 1e-07, 'shrinking': True, 'tol': 0.001}",0.0,0.0,0.0,0.0,0.0,0.0,0.0,44,0.0,0.0,0.0,0.0,0.0,0.0,0.0
44,0.02436375617980957,0.0017701654345808964,0.006517362594604492,0.0003604778976883286,1,1e-08,True,0.001,"{'C': 1, 'gamma': 1e-08, 'shrinking': True, 'tol': 0.001}",0.0,0.0,0.0,0.0,0.0,0.0,0.0,44,0.0,0.0,0.0,0.0,0.0,0.0,0.0
43,0.0291473388671875,0.0022892373684963055,0.0070628166198730465,0.00026823658791342816,0.75,4,True,0.001,"{'C': 0.75, 'gamma': 4, 'shrinking': True, 'tol': 0.001}",0.0,0.0,0.0,0.0,0.0,0.0,0.0,44,1.0,1.0,1.0,1.0,1.0,1.0,0.0
42,0.027312183380126955,0.001087509122700838,0.008451414108276368,0.0011592075138040715,0.75,2,True,0.001,"{'C': 0.75, 'gamma': 2, 'shrinking': True, 'tol': 0.001}",0.0,0.0,0.0,0.0,0.0,0.0,0.0,44,1.0,1.0,1.0,1.0,1.0,1.0,0.0
58,0.024370336532592775,0.00043739138505025907,0.006715583801269531,0.0004064649104765222,2,1e-05,True,0.001,"{'C': 2, 'gamma': 1e-05, 'shrinking': True, 'tol': 0.001}",0.0,0.0,0.0,0.0,0.0,0.0,0.0,44,0.0,0.0,0.0,0.0,0.0,0.0,0.0
142,0.026548385620117188,0.0013200018051263323,0.0073145866394042965,0.0015799601623116405,256,4,True,0.001,"{'C': 256, 'gamma': 4, 'shrinking': True, 'tol': 0.001}",0.0,0.0,0.0,0.0,0.0,0.0,0.0,44,1.0,1.0,1.0,1.0,1.0,1.0,0.0
