,mean_fit_time,std_fit_time,mean_score_time,std_score_time,param_bootstrap,param_max_depth,param_max_features,param_min_samples_leaf,param_min_samples_split,param_n_estimators,params,split0_test_score,split1_test_score,split2_test_score,split3_test_score,split4_test_score,mean_test_score,std_test_score,rank_test_score,split0_train_score,split1_train_score,split2_train_score,split3_train_score,split4_train_score,mean_train_score,std_train_score
70,1.9077937602996826,0.05039888767131574,0.021458530426025392,0.0014877931615872495,False,40,100,1,15,200,"{'bootstrap': False, 'max_depth': 40, 'max_features': 100, 'min_samples_leaf': 1, 'min_samples_split': 15, 'n_estimators': 200}",0.9032258064516129,0.7741935483870968,0.7741935483870968,0.7,0.8666666666666667,0.8035895472384417,0.07255698719262416,1,1.0,0.9918032786885246,1.0,0.991869918699187,1.0,0.9967346394775423,0.003999289074515606
60,1.584331178665161,0.0518658570379149,0.03107938766479492,0.005545929079501085,False,40,75,1,15,200,"{'bootstrap': False, 'max_depth': 40, 'max_features': 75, 'min_samples_leaf': 1, 'min_samples_split': 15, 'n_estimators': 200}",0.9032258064516129,0.7741935483870968,0.7741935483870968,0.6666666666666666,0.8666666666666667,0.7969624453591142,0.08254997440032506,2,1.0,0.9918032786885246,1.0,0.991869918699187,1.0,0.9967346394775423,0.003999289074515606
71,1.7376203536987305,0.06272607288277528,0.020346307754516603,0.0005478991663747188,False,40,100,2,15,200,"{'bootstrap': False, 'max_depth': 40, 'max_features': 100, 'min_samples_leaf': 2, 'min_samples_split': 15, 'n_estimators': 200}",0.9032258064516129,0.7741935483870968,0.7741935483870968,0.6,0.9,0.7902364315114385,0.1106096619352999,3,1.0,0.9918032786885246,1.0,0.975609756097561,0.991869918699187,0.9918565906970546,0.008906097736492605
61,1.417546558380127,0.056292364693359534,0.020711898803710938,0.0015791309697691619,False,40,75,2,15,200,"{'bootstrap': False, 'max_depth': 40, 'max_features': 75, 'min_samples_leaf': 2, 'min_samples_split': 15, 'n_estimators': 200}",0.9032258064516129,0.8064516129032258,0.7741935483870968,0.5666666666666667,0.9,0.7901183752911521,0.12238439726946211,4,1.0,0.9918032786885246,1.0,0.983739837398374,1.0,0.9951086232173797,0.006510780198125693
52,0.9133863925933838,0.030800090226785457,0.021383190155029298,0.0015124060388435898,False,40,50,3,15,200,"{'bootstrap': False, 'max_depth': 40, 'max_features': 50, 'min_samples_leaf': 3, 'min_samples_split': 15, 'n_estimators': 200}",0.9032258064516129,0.7741935483870968,0.7741935483870968,0.6,0.8666666666666667,0.7837082416004594,0.10476817999513634,5,1.0,0.9836065573770492,0.9918032786885246,0.975609756097561,0.991869918699187,0.9885779021724643,0.008301708582687015
51,0.9275424003601074,0.022524457273391214,0.01847109794616699,0.002019393422070061,False,40,50,2,15,200,"{'bootstrap': False, 'max_depth': 40, 'max_features': 50, 'min_samples_leaf': 2, 'min_samples_split': 15, 'n_estimators': 200}",0.9032258064516129,0.7741935483870968,0.7741935483870968,0.6,0.8666666666666667,0.7837082416004594,0.10476817999513634,5,1.0,0.9918032786885246,1.0,0.975609756097561,1.0,0.9934826069572171,0.009483545513233814
72,1.6627699851989746,0.06994251390834566,0.022684764862060548,0.001951040952592662,False,40,100,3,15,200,"{'bootstrap': False, 'max_depth': 40, 'max_features': 100, 'min_samples_leaf': 3, 'min_samples_split': 15, 'n_estimators': 200}",0.9032258064516129,0.8064516129032258,0.7741935483870968,0.5666666666666667,0.8666666666666667,0.7835901853801729,0.1171250337639613,7,1.0,0.9836065573770492,0.9836065573770492,0.975609756097561,0.983739837398374,0.9853125416500067,0.007976962374259995
50,1.0694396018981933,0.042116868886436364,0.02040276527404785,0.0024954541991894738,False,40,50,1,15,200,"{'bootstrap': False, 'max_depth': 40, 'max_features': 50, 'min_samples_leaf': 1, 'min_samples_split': 15, 'n_estimators': 200}",0.9032258064516129,0.7741935483870968,0.7419354838709677,0.6,0.8333333333333334,0.7706710060304393,0.10136421464884954,8,1.0,0.9918032786885246,1.0,0.991869918699187,1.0,0.9967346394775423,0.003999289074515606
53,0.9016459465026856,0.016000687215762203,0.022299671173095705,0.0024704659984516194,False,40,50,4,15,200,"{'bootstrap': False, 'max_depth': 40, 'max_features': 50, 'min_samples_leaf': 4, 'min_samples_split': 15, 'n_estimators': 200}",0.8709677419354839,0.7741935483870968,0.7419354838709677,0.5666666666666667,0.8666666666666667,0.7640630484030504,0.11060813165137348,9,1.0,0.9836065573770492,0.9836065573770492,0.967479674796748,0.983739837398374,0.9836865253898439,0.010284037066634234
62,1.2555261135101319,0.03354427707907351,0.022654914855957033,0.00342438536893169,False,40,75,3,15,200,"{'bootstrap': False, 'max_depth': 40, 'max_features': 75, 'min_samples_leaf': 3, 'min_samples_split': 15, 'n_estimators': 200}",0.9032258064516129,0.7741935483870968,0.7741935483870968,0.5333333333333333,0.8333333333333334,0.7639258479308254,0.12439021094928117,10,1.0,0.9836065573770492,1.0,0.967479674796748,0.991869918699187,0.9885912301745969,0.012178789674429293
40,0.6254744052886962,0.022130172071455005,0.021644163131713866,0.002738521803207614,False,40,25,1,15,200,"{'bootstrap': False, 'max_depth': 40, 'max_features': 25, 'min_samples_leaf': 1, 'min_samples_split': 15, 'n_estimators': 200}",0.9032258064516129,0.7419354838709677,0.7096774193548387,0.6,0.8333333333333334,0.7576529147123575,0.10417963626785061,11,1.0,1.0,1.0,1.0,1.0,1.0,0.0
74,1.4709207534790039,0.0373761585574276,0.020209074020385742,0.0009410467031459163,False,40,100,5,15,200,"{'bootstrap': False, 'max_depth': 40, 'max_features': 100, 'min_samples_leaf': 5, 'min_samples_split': 15, 'n_estimators': 200}",0.8709677419354839,0.8064516129032258,0.7419354838709677,0.5,0.8666666666666667,0.7573178903034363,0.1365532421136074,12,0.9836065573770492,0.9754098360655737,0.9754098360655737,0.959349593495935,0.983739837398374,0.9755031320805012,0.008882151013421023
73,1.5895737171173097,0.06115189475922277,0.020987176895141603,0.0011868700685915689,False,40,100,4,15,200,"{'bootstrap': False, 'max_depth': 40, 'max_features': 100, 'min_samples_leaf': 4, 'min_samples_split': 15, 'n_estimators': 200}",0.8709677419354839,0.8064516129032258,0.7419354838709677,0.5,0.8666666666666667,0.7573178903034363,0.1365532421136074,12,0.9918032786885246,0.9836065573770492,0.9754098360655737,0.959349593495935,0.983739837398374,0.9787818206050913,0.011012720973640816
63,1.2540013790130615,0.03160683595375566,0.023223495483398436,0.003096554514185808,False,40,75,4,15,200,"{'bootstrap': False, 'max_depth': 40, 'max_features': 75, 'min_samples_leaf': 4, 'min_samples_split': 15, 'n_estimators': 200}",0.8709677419354839,0.8064516129032258,0.7419354838709677,0.5,0.8666666666666667,0.7573178903034363,0.1365532421136074,12,0.9918032786885246,0.9836065573770492,0.9754098360655737,0.967479674796748,0.983739837398374,0.9804078368652538,0.008286223763283211
64,1.2050529956817626,0.015418552283639933,0.02481698989868164,0.002794827312863688,False,40,75,5,15,200,"{'bootstrap': False, 'max_depth': 40, 'max_features': 75, 'min_samples_leaf': 5, 'min_samples_split': 15, 'n_estimators': 200}",0.8709677419354839,0.7741935483870968,0.7419354838709677,0.5,0.8666666666666667,0.7508088446443955,0.13481380561186015,15,0.9918032786885246,0.9836065573770492,0.9836065573770492,0.959349593495935,0.991869918699187,0.9820471811275489,0.01193072844289359
81,0.4710692405700684,0.009042715190977692,0.021696138381958007,0.002209953124265125,False,40,auto,2,15,200,"{'bootstrap': False, 'max_depth': 40, 'max_features': 'auto', 'min_samples_leaf': 2, 'min_samples_split': 15, 'n_estimators': 200}",0.8387096774193549,0.7419354838709677,0.7419354838709677,0.5666666666666667,0.8333333333333334,0.7445167671739894,0.09811442192521763,16,1.0,0.9836065573770492,1.0,0.991869918699187,1.0,0.9950952952152473,0.006550763892278935
80,0.5114110469818115,0.023369075500000728,0.023627758026123047,0.0032270126620631855,False,40,auto,1,15,200,"{'bootstrap': False, 'max_depth': 40, 'max_features': 'auto', 'min_samples_leaf': 1, 'min_samples_split': 15, 'n_estimators': 200}",0.8387096774193549,0.7419354838709677,0.7419354838709677,0.5666666666666667,0.8333333333333334,0.7445167671739894,0.09811442192521763,16,1.0,1.0,1.0,1.0,1.0,1.0,0.0
91,0.48454856872558594,0.0143828980948289,0.023334455490112305,0.0012726853375121165,False,40,sqrt,2,15,200,"{'bootstrap': False, 'max_depth': 40, 'max_features': 'sqrt', 'min_samples_leaf': 2, 'min_samples_split': 15, 'n_estimators': 200}",0.8709677419354839,0.7419354838709677,0.7096774193548387,0.5666666666666667,0.8333333333333334,0.7445167671739894,0.10633058594864314,16,1.0,0.9836065573770492,1.0,0.991869918699187,0.991869918699187,0.9934692789550846,0.0061268232896850815
41,0.5861538887023926,0.019549730688272364,0.019881153106689455,0.0010737710524949518,False,40,25,2,15,200,"{'bootstrap': False, 'max_depth': 40, 'max_features': 25, 'min_samples_leaf': 2, 'min_samples_split': 15, 'n_estimators': 200}",0.8709677419354839,0.7419354838709677,0.7419354838709677,0.5333333333333333,0.8333333333333334,0.7443987109537028,0.11679371490343633,19,1.0,0.9918032786885246,1.0,0.991869918699187,1.0,0.9967346394775423,0.003999289074515606
90,0.500199556350708,0.014110254460485926,0.025974035263061523,0.002504950113068037,False,40,sqrt,1,15,200,"{'bootstrap': False, 'max_depth': 40, 'max_features': 'sqrt', 'min_samples_leaf': 1, 'min_samples_split': 15, 'n_estimators': 200}",0.8387096774193549,0.7419354838709677,0.7096774193548387,0.6,0.8,0.7381066334832966,0.08216171861527233,20,1.0,1.0,1.0,1.0,1.0,1.0,0.0
92,0.48230757713317873,0.018905470095915002,0.023618030548095702,0.0013456654781630027,False,40,sqrt,3,15,200,"{'bootstrap': False, 'max_depth': 40, 'max_features': 'sqrt', 'min_samples_leaf': 3, 'min_samples_split': 15, 'n_estimators': 200}",0.8709677419354839,0.7741935483870968,0.7096774193548387,0.5,0.8333333333333334,0.7377716090743754,0.13051895919213075,21,1.0,0.9836065573770492,1.0,0.975609756097561,1.0,0.9918432626949221,0.010305019566523807
75,1.2794075965881349,0.033951333591557054,0.020110416412353515,0.0006214390101956459,False,40,100,10,15,200,"{'bootstrap': False, 'max_depth': 40, 'max_features': 100, 'min_samples_leaf': 10, 'min_samples_split': 15, 'n_estimators': 200}",0.8709677419354839,0.7741935483870968,0.7096774193548387,0.4666666666666667,0.8666666666666667,0.7376726971060271,0.14789476723138098,22,0.9672131147540983,0.9590163934426229,0.9426229508196722,0.926829268292683,0.967479674796748,0.9526322804211649,0.015746649565118294
82,0.4726129055023193,0.023331431847690078,0.02371058464050293,0.001801487493284824,False,40,auto,3,15,200,"{'bootstrap': False, 'max_depth': 40, 'max_features': 'auto', 'min_samples_leaf': 3, 'min_samples_split': 15, 'n_estimators': 200}",0.8387096774193549,0.7419354838709677,0.7419354838709677,0.5333333333333333,0.8,0.7313614753836828,0.10530682058792709,23,1.0,0.9836065573770492,0.9918032786885246,0.991869918699187,1.0,0.9934559509529521,0.0061303594282385515
42,0.5658863544464111,0.025378127278418552,0.02057924270629883,0.002206835084019837,False,40,25,3,15,200,"{'bootstrap': False, 'max_depth': 40, 'max_features': 25, 'min_samples_leaf': 3, 'min_samples_split': 15, 'n_estimators': 200}",0.8709677419354839,0.7419354838709677,0.7096774193548387,0.5333333333333333,0.8,0.7313614753836828,0.11300123973125262,23,1.0,0.9836065573770492,1.0,0.991869918699187,1.0,0.9950952952152473,0.006550763892278935
30,0.3746930122375488,0.012273477809001164,0.023394966125488283,0.0035589414052762886,False,40,10,1,15,200,"{'bootstrap': False, 'max_depth': 40, 'max_features': 10, 'min_samples_leaf': 1, 'min_samples_split': 15, 'n_estimators': 200}",0.8387096774193549,0.7741935483870968,0.7096774193548387,0.5,0.8333333333333334,0.7312625634153346,0.12437379477692286,25,1.0,1.0,1.0,1.0,1.0,1.0,0.0
54,0.8746160984039306,0.011714767168683745,0.022692537307739256,0.003902324664341161,False,40,50,5,15,200,"{'bootstrap': False, 'max_depth': 40, 'max_features': 50, 'min_samples_leaf': 5, 'min_samples_split': 15, 'n_estimators': 200}",0.8387096774193549,0.8064516129032258,0.7096774193548387,0.4666666666666667,0.8333333333333334,0.731144507195048,0.13972752098537924,26,0.9918032786885246,0.9754098360655737,0.9754098360655737,0.959349593495935,0.967479674796748,0.9738904438224709,0.010751939789965333
31,0.3588237762451172,0.016428015410754383,0.02073640823364258,0.0012611083200358406,False,40,10,2,15,200,"{'bootstrap': False, 'max_depth': 40, 'max_features': 10, 'min_samples_leaf': 2, 'min_samples_split': 15, 'n_estimators': 200}",0.8387096774193549,0.7096774193548387,0.7096774193548387,0.6,0.7666666666666667,0.7250693979132764,0.07842325174327441,27,1.0,0.9836065573770492,1.0,0.991869918699187,1.0,0.9950952952152473,0.006550763892278935
43,0.5569735527038574,0.0060903341526926955,0.02320241928100586,0.0016074316679979153,False,40,25,4,15,200,"{'bootstrap': False, 'max_depth': 40, 'max_features': 25, 'min_samples_leaf': 4, 'min_samples_split': 15, 'n_estimators': 200}",0.8387096774193549,0.7419354838709677,0.6774193548387096,0.5333333333333333,0.8333333333333334,0.7248715739765803,0.1128084866634563,28,1.0,0.9836065573770492,1.0,0.983739837398374,0.991869918699187,0.9918432626949221,0.007301701904362767
33,0.3393374443054199,0.006894899920634063,0.020939350128173828,0.0010505174206356291,False,40,10,4,15,200,"{'bootstrap': False, 'max_depth': 40, 'max_features': 10, 'min_samples_leaf': 4, 'min_samples_split': 15, 'n_estimators': 200}",0.8387096774193549,0.7419354838709677,0.7096774193548387,0.5333333333333333,0.7666666666666667,0.7183242398136627,0.10155446046485739,29,1.0,0.9836065573770492,0.9918032786885246,0.983739837398374,1.0,0.9918299346927896,0.007301701904362766
32,0.36284713745117186,0.020133221191565645,0.02467336654663086,0.0027613650478241756,False,40,10,3,15,200,"{'bootstrap': False, 'max_depth': 40, 'max_features': 10, 'min_samples_leaf': 3, 'min_samples_split': 15, 'n_estimators': 200}",0.8387096774193549,0.7419354838709677,0.7096774193548387,0.5,0.8,0.7182253278453145,0.11762182041428773,30,1.0,0.9836065573770492,0.9918032786885246,0.983739837398374,1.0,0.9918299346927896,0.007301701904362766
65,1.0486795425415039,0.04733281189584143,0.024417734146118163,0.0038894475084712424,False,40,75,10,15,200,"{'bootstrap': False, 'max_depth': 40, 'max_features': 75, 'min_samples_leaf': 10, 'min_samples_split': 15, 'n_estimators': 200}",0.8064516129032258,0.7419354838709677,0.7419354838709677,0.43333333333333335,0.8666666666666667,0.7180275039086181,0.1491618094548538,31,0.9672131147540983,0.9754098360655737,0.9426229508196722,0.943089430894309,0.959349593495935,0.9575369852059176,0.013019309328522148
93,0.47196364402770996,0.014102624057857744,0.031111526489257812,0.005385416699456457,False,40,sqrt,4,15,200,"{'bootstrap': False, 'max_depth': 40, 'max_features': 'sqrt', 'min_samples_leaf': 4, 'min_samples_split': 15, 'n_estimators': 200}",0.8709677419354839,0.7419354838709677,0.6451612903225806,0.5,0.8,0.7117162821862737,0.1289705478316197,32,1.0,0.9836065573770492,1.0,0.975609756097561,0.991869918699187,0.9902172464347595,0.009499640456555599
34,0.3357230186462402,0.015442077081616898,0.023471307754516602,0.003334531273318915,False,40,10,5,15,200,"{'bootstrap': False, 'max_depth': 40, 'max_features': 10, 'min_samples_leaf': 5, 'min_samples_split': 15, 'n_estimators': 200}",0.8387096774193549,0.7419354838709677,0.7096774193548387,0.4666666666666667,0.8,0.7115982259659871,0.1300164624760672,33,0.9918032786885246,0.9836065573770492,0.9918032786885246,0.975609756097561,0.991869918699187,0.9869385579101693,0.006497588995870007
94,0.42598614692687986,0.009137400848100755,0.023628950119018555,0.0013987019665637269,False,40,sqrt,5,15,200,"{'bootstrap': False, 'max_depth': 40, 'max_features': 'sqrt', 'min_samples_leaf': 5, 'min_samples_split': 15, 'n_estimators': 200}",0.8064516129032258,0.7419354838709677,0.7419354838709677,0.4666666666666667,0.8,0.7115982259659871,0.12507783666958736,33,0.9918032786885246,0.9836065573770492,0.9836065573770492,0.975609756097561,0.991869918699187,0.9852992136478742,0.006084287715846553
83,0.4510326385498047,0.008126322212225154,0.022043275833129882,0.0017836153365312576,False,40,auto,4,15,200,"{'bootstrap': False, 'max_depth': 40, 'max_features': 'auto', 'min_samples_leaf': 4, 'min_samples_split': 15, 'n_estimators': 200}",0.8387096774193549,0.7419354838709677,0.7096774193548387,0.4666666666666667,0.8,0.7115982259659871,0.1300164624760672,33,1.0,0.9836065573770492,0.9918032786885246,0.991869918699187,1.0,0.9934559509529521,0.0061303594282385515
21,0.2754868984222412,0.012629317504376559,0.022519445419311522,0.0019437686159831905,False,40,5,2,15,200,"{'bootstrap': False, 'max_depth': 40, 'max_features': 5, 'min_samples_leaf': 2, 'min_samples_split': 15, 'n_estimators': 200}",0.8064516129032258,0.7096774193548387,0.7096774193548387,0.5,0.8,0.7052072365272327,0.11049082823546086,36,1.0,0.9918032786885246,1.0,0.991869918699187,1.0,0.9967346394775423,0.003999289074515606
22,0.2640995502471924,0.0065581303857535226,0.02288823127746582,0.0013733119631865072,False,40,5,3,15,200,"{'bootstrap': False, 'max_depth': 40, 'max_features': 5, 'min_samples_leaf': 3, 'min_samples_split': 15, 'n_estimators': 200}",0.8064516129032258,0.7096774193548387,0.7096774193548387,0.4666666666666667,0.8333333333333334,0.7051083245588845,0.1288574092432411,37,1.0,0.9918032786885246,0.9918032786885246,0.975609756097561,1.0,0.9918432626949221,0.008906117681865673
44,0.5583887100219727,0.020435426158548747,0.021728515625,0.0017803097080057036,False,40,25,5,15,200,"{'bootstrap': False, 'max_depth': 40, 'max_features': 25, 'min_samples_leaf': 5, 'min_samples_split': 15, 'n_estimators': 200}",0.8387096774193549,0.7419354838709677,0.6774193548387096,0.4666666666666667,0.8,0.7050891803069462,0.13075506602069073,38,0.9836065573770492,0.9836065573770492,1.0,0.975609756097561,0.975609756097561,0.9836865253898441,0.008906297188213268
76,1.0771299839019775,0.023124441430624587,0.020951271057128906,0.0009148673693785719,False,40,100,15,15,200,"{'bootstrap': False, 'max_depth': 40, 'max_features': 100, 'min_samples_leaf': 15, 'min_samples_split': 15, 'n_estimators': 200}",0.7741935483870968,0.7419354838709677,0.7096774193548387,0.43333333333333335,0.8666666666666667,0.7050094125905363,0.14504262730626188,39,0.9098360655737705,0.9016393442622951,0.8688524590163934,0.9024390243902439,0.9105691056910569,0.8986671997867519,0.015351729530903356
20,0.29534497261047366,0.009866222002294402,0.022767972946166993,0.0021527940685967116,False,40,5,1,15,200,"{'bootstrap': False, 'max_depth': 40, 'max_features': 5, 'min_samples_leaf': 1, 'min_samples_split': 15, 'n_estimators': 200}",0.8064516129032258,0.7096774193548387,0.7419354838709677,0.5,0.7333333333333333,0.6986599023643152,0.10406076434228287,40,1.0,1.0,1.0,0.991869918699187,1.0,0.9983739837398374,0.003252032520325221
84,0.43530521392822263,0.009667806402414193,0.024535274505615233,0.003791361491892085,False,40,auto,5,15,200,"{'bootstrap': False, 'max_depth': 40, 'max_features': 'auto', 'min_samples_leaf': 5, 'min_samples_split': 15, 'n_estimators': 200}",0.8387096774193549,0.7419354838709677,0.6774193548387096,0.4666666666666667,0.7666666666666667,0.698560990395967,0.12662023789979793,41,0.9836065573770492,0.9836065573770492,1.0,0.975609756097561,0.991869918699187,0.9869385579101693,0.00831222947604607
55,0.7275471210479736,0.02623042171323381,0.020711231231689452,0.0013999179382922558,False,40,50,10,15,200,"{'bootstrap': False, 'max_depth': 40, 'max_features': 50, 'min_samples_leaf': 10, 'min_samples_split': 15, 'n_estimators': 200}",0.7741935483870968,0.7419354838709677,0.7096774193548387,0.43333333333333335,0.8333333333333334,0.6984812226795571,0.13820887921028283,42,0.9672131147540983,0.9508196721311475,0.9590163934426229,0.9349593495934959,0.9512195121951219,0.9526456084232973,0.010686165707587776
66,0.9210431575775146,0.016543578078602288,0.02249321937561035,0.0016387379276435454,False,40,75,15,15,200,"{'bootstrap': False, 'max_depth': 40, 'max_features': 75, 'min_samples_leaf': 15, 'min_samples_split': 15, 'n_estimators': 200}",0.7741935483870968,0.7096774193548387,0.7419354838709677,0.43333333333333335,0.8333333333333334,0.6984812226795571,0.13820887921028283,42,0.9426229508196722,0.9016393442622951,0.8934426229508197,0.8861788617886179,0.9105691056910569,0.9068905771024923,0.019635336373444317
85,0.41876859664916993,0.017562934039183367,0.02376103401184082,0.0025561730956319825,False,40,auto,10,15,200,"{'bootstrap': False, 'max_depth': 40, 'max_features': 'auto', 'min_samples_leaf': 10, 'min_samples_split': 15, 'n_estimators': 200}",0.7741935483870968,0.7419354838709677,0.6774193548387096,0.4666666666666667,0.8,0.6920710889888645,0.11953378510273455,44,0.9426229508196722,0.9590163934426229,0.9672131147540983,0.926829268292683,0.9512195121951219,0.9493802479008396,0.013917306344141137
56,0.6784950733184815,0.03838672364321437,0.021918773651123047,0.0012109983789512747,False,40,50,15,15,200,"{'bootstrap': False, 'max_depth': 40, 'max_features': 50, 'min_samples_leaf': 15, 'min_samples_split': 15, 'n_estimators': 200}",0.7741935483870968,0.7096774193548387,0.7096774193548387,0.43333333333333335,0.8333333333333334,0.6919721770205163,0.13676112127219958,45,0.9016393442622951,0.9098360655737705,0.8934426229508197,0.8861788617886179,0.9105691056910569,0.9003332000533121,0.009429841722279017
45,0.4910111904144287,0.02242417812850289,0.02227363586425781,0.0013538073418855958,False,40,25,10,15,200,"{'bootstrap': False, 'max_depth': 40, 'max_features': 25, 'min_samples_leaf': 10, 'min_samples_split': 15, 'n_estimators': 200}",0.7741935483870968,0.7419354838709677,0.6451612903225806,0.4666666666666667,0.8,0.6855620433298236,0.12102340655236071,46,0.9590163934426229,0.9672131147540983,0.9672131147540983,0.9349593495934959,0.959349593495935,0.9575503132080501,0.011853083187755927
35,0.34061498641967775,0.037017422866713265,0.022866010665893555,0.002909263905319346,False,40,10,10,15,200,"{'bootstrap': False, 'max_depth': 40, 'max_features': 10, 'min_samples_leaf': 10, 'min_samples_split': 15, 'n_estimators': 200}",0.8064516129032258,0.7419354838709677,0.6451612903225806,0.5,0.7,0.6791136211352541,0.1037521334054745,47,0.9508196721311475,0.9344262295081968,0.9590163934426229,0.926829268292683,0.926829268292683,0.9395841663334666,0.013083021067831366
36,0.31131892204284667,0.035855169463210865,0.020650243759155272,0.0009373284528279796,False,40,10,15,15,200,"{'bootstrap': False, 'max_depth': 40, 'max_features': 10, 'min_samples_leaf': 15, 'min_samples_split': 15, 'n_estimators': 200}",0.7419354838709677,0.7419354838709677,0.7096774193548387,0.4666666666666667,0.7333333333333333,0.679014709166906,0.10644286484918006,48,0.8770491803278688,0.8934426229508197,0.8770491803278688,0.8699186991869918,0.8455284552845529,0.8725976276156204,0.0155824466746341
10,0.23272457122802734,0.004687013171925017,0.023378562927246094,0.005122766893585141,False,40,2,1,15,200,"{'bootstrap': False, 'max_depth': 40, 'max_features': 2, 'min_samples_leaf': 1, 'min_samples_split': 15, 'n_estimators': 200}",0.8064516129032258,0.6774193548387096,0.7096774193548387,0.4666666666666667,0.7333333333333333,0.679014709166906,0.1140606733092654,48,0.9918032786885246,0.9836065573770492,0.9918032786885246,0.991869918699187,0.991869918699187,0.9901905904304945,0.003292151422765851
23,0.28359274864196776,0.006128266982104254,0.022130489349365234,0.0011153210427522519,False,40,5,4,15,200,"{'bootstrap': False, 'max_depth': 40, 'max_features': 5, 'min_samples_leaf': 4, 'min_samples_split': 15, 'n_estimators': 200}",0.8387096774193549,0.6774193548387096,0.7419354838709677,0.4666666666666667,0.6666666666666666,0.6789764206630292,0.12222906984513178,50,0.9836065573770492,0.9836065573770492,0.9672131147540983,0.975609756097561,0.983739837398374,0.9787551646008262,0.006557918815504719
77,0.9775562286376953,0.02721546069038774,0.023673009872436524,0.0035532456872468987,False,40,100,20,15,200,"{'bootstrap': False, 'max_depth': 40, 'max_features': 100, 'min_samples_leaf': 20, 'min_samples_split': 15, 'n_estimators': 200}",0.7419354838709677,0.7096774193548387,0.6774193548387096,0.43333333333333335,0.8,0.6724258957914553,0.12574805450013468,51,0.8852459016393442,0.8770491803278688,0.8524590163934426,0.8455284552845529,0.8292682926829268,0.8579101692656271,0.020576311680045038
68,0.6917070388793946,0.017848653085457755,0.02073516845703125,0.0027291259546649844,False,40,75,25,15,200,"{'bootstrap': False, 'max_depth': 40, 'max_features': 75, 'min_samples_leaf': 25, 'min_samples_split': 15, 'n_estimators': 200}",0.7741935483870968,0.6774193548387096,0.6129032258064516,0.5,0.7666666666666667,0.666133818321049,0.10208000270710528,52,0.7786885245901639,0.7950819672131147,0.7950819672131147,0.8292682926829268,0.7804878048780488,0.7957217113154738,0.018157053846038138
95,0.3722711086273193,0.005082523788323437,0.02229304313659668,0.0010962287088802356,False,40,sqrt,10,15,200,"{'bootstrap': False, 'max_depth': 40, 'max_features': 'sqrt', 'min_samples_leaf': 10, 'min_samples_split': 15, 'n_estimators': 200}",0.7419354838709677,0.7419354838709677,0.6451612903225806,0.4666666666666667,0.7333333333333333,0.6659966178488242,0.10584020839167509,53,0.9508196721311475,0.9590163934426229,0.9590163934426229,0.943089430894309,0.9186991869918699,0.9461282153805145,0.014938579875362706
24,0.28617420196533205,0.014552973442581796,0.02239842414855957,0.0003915773387984641,False,40,5,5,15,200,"{'bootstrap': False, 'max_depth': 40, 'max_features': 5, 'min_samples_leaf': 5, 'min_samples_split': 15, 'n_estimators': 200}",0.7419354838709677,0.6774193548387096,0.7096774193548387,0.4666666666666667,0.7333333333333333,0.6659966178488242,0.10179524965911783,53,0.9754098360655737,0.9672131147540983,0.9672131147540983,0.959349593495935,0.983739837398374,0.9705850992936158,0.008310263166984187
67,0.8206459999084472,0.02092351687529399,0.01971468925476074,0.0009097527842691124,False,40,75,20,15,200,"{'bootstrap': False, 'max_depth': 40, 'max_features': 75, 'min_samples_leaf': 20, 'min_samples_split': 15, 'n_estimators': 200}",0.7419354838709677,0.7096774193548387,0.6451612903225806,0.43333333333333335,0.8,0.6659168501324144,0.12615533854781918,55,0.8114754098360656,0.8524590163934426,0.8442622950819673,0.8617886178861789,0.8211382113821138,0.8382247101159536,0.01898314600519105
96,0.3382905960083008,0.0014544541886801193,0.02186737060546875,0.0008319422953559032,False,40,sqrt,15,15,200,"{'bootstrap': False, 'max_depth': 40, 'max_features': 'sqrt', 'min_samples_leaf': 15, 'min_samples_split': 15, 'n_estimators': 200}",0.7419354838709677,0.7419354838709677,0.6774193548387096,0.4,0.7666666666666667,0.6657796496601895,0.13566557735687626,56,0.8852459016393442,0.9016393442622951,0.9016393442622951,0.8780487804878049,0.8699186991869918,0.8872984139677461,0.012673969983064384
57,0.6027164936065674,0.02223936393108857,0.02076873779296875,0.001685224825484824,False,40,50,20,15,200,"{'bootstrap': False, 'max_depth': 40, 'max_features': 50, 'min_samples_leaf': 20, 'min_samples_split': 15, 'n_estimators': 200}",0.7419354838709677,0.6774193548387096,0.6451612903225806,0.4666666666666667,0.7666666666666667,0.6595067164417217,0.10544918031976151,57,0.819672131147541,0.8442622950819673,0.8278688524590164,0.8292682926829268,0.8048780487804879,0.8251899240303878,0.012888625996485012
25,0.2603172302246094,0.012362346367228582,0.02219529151916504,0.002932913522568039,False,40,5,10,15,200,"{'bootstrap': False, 'max_depth': 40, 'max_features': 5, 'min_samples_leaf': 10, 'min_samples_split': 15, 'n_estimators': 200}",0.7741935483870968,0.7096774193548387,0.6451612903225806,0.4666666666666667,0.7,0.659468427937845,0.10448877200700567,58,0.9098360655737705,0.8852459016393442,0.9098360655737705,0.8861788617886179,0.8699186991869918,0.892203118752499,0.01551213411817716
86,0.3914631843566895,0.03933129595862009,0.02502446174621582,0.0058664598692057335,False,40,auto,15,15,200,"{'bootstrap': False, 'max_depth': 40, 'max_features': 'auto', 'min_samples_leaf': 15, 'min_samples_split': 15, 'n_estimators': 200}",0.7419354838709677,0.7419354838709677,0.6451612903225806,0.43333333333333335,0.7333333333333333,0.6593695159694969,0.11841070229173896,59,0.8688524590163934,0.8852459016393442,0.8852459016393442,0.8861788617886179,0.8617886178861789,0.8774623483939757,0.010167999125995211
46,0.4160316467285156,0.008224435618230202,0.023241853713989256,0.004221404810800368,False,40,25,15,15,200,"{'bootstrap': False, 'max_depth': 40, 'max_features': 25, 'min_samples_leaf': 15, 'min_samples_split': 15, 'n_estimators': 200}",0.7741935483870968,0.7096774193548387,0.6451612903225806,0.4,0.7666666666666667,0.6592706040011487,0.13726311268391406,60,0.8852459016393442,0.9016393442622951,0.9016393442622951,0.8861788617886179,0.8617886178861789,0.8872984139677463,0.01461191611999877
97,0.3134316921234131,0.002041867971333639,0.021764087677001952,0.0013330915324954464,False,40,sqrt,20,15,200,"{'bootstrap': False, 'max_depth': 40, 'max_features': 'sqrt', 'min_samples_leaf': 20, 'min_samples_split': 15, 'n_estimators': 200}",0.7741935483870968,0.6774193548387096,0.6451612903225806,0.4666666666666667,0.7,0.652959382278804,0.10213657415291104,61,0.819672131147541,0.819672131147541,0.8032786885245902,0.8292682926829268,0.8292682926829268,0.820231907237105,0.009501061489182963
78,0.9449799537658692,0.02400772060808774,0.022696828842163085,0.0017903354929541618,False,40,100,25,15,200,"{'bootstrap': False, 'max_depth': 40, 'max_features': 100, 'min_samples_leaf': 25, 'min_samples_split': 15, 'n_estimators': 200}",0.7419354838709677,0.6774193548387096,0.6451612903225806,0.43333333333333335,0.7666666666666667,0.6528796145623943,0.11769645644332664,62,0.7950819672131147,0.7868852459016393,0.8032786885245902,0.8130081300813008,0.7723577235772358,0.7941223510595761,0.013910476114819714
48,0.38500375747680665,0.01579373134289647,0.0250490665435791,0.004016281445146287,False,40,25,25,15,200,"{'bootstrap': False, 'max_depth': 40, 'max_features': 25, 'min_samples_leaf': 25, 'min_samples_split': 15, 'n_estimators': 200}",0.7419354838709677,0.6774193548387096,0.6129032258064516,0.4666666666666667,0.7333333333333333,0.6464694808717015,0.1008204578414116,63,0.8114754098360656,0.7950819672131147,0.7868852459016393,0.8211382113821138,0.7967479674796748,0.8022657603625216,0.012325584759396414
87,0.3287484169006348,0.0056749007734774376,0.02550926208496094,0.003980913894560789,False,40,auto,20,15,200,"{'bootstrap': False, 'max_depth': 40, 'max_features': 'auto', 'min_samples_leaf': 20, 'min_samples_split': 15, 'n_estimators': 200}",0.7419354838709677,0.7096774193548387,0.6129032258064516,0.43333333333333335,0.7333333333333333,0.6463514246514152,0.11567918920144958,64,0.819672131147541,0.819672131147541,0.8032786885245902,0.8455284552845529,0.8455284552845529,0.8267359722777556,0.016470304789067334
47,0.3925168514251709,0.007613624327014808,0.023004150390625,0.0016075487474124415,False,40,25,20,15,200,"{'bootstrap': False, 'max_depth': 40, 'max_features': 25, 'min_samples_leaf': 20, 'min_samples_split': 15, 'n_estimators': 200}",0.7741935483870968,0.6774193548387096,0.6129032258064516,0.43333333333333335,0.7333333333333333,0.646351424651415,0.11925414740601624,65,0.8114754098360656,0.819672131147541,0.8278688524590164,0.8373983739837398,0.8130081300813008,0.8218845795015326,0.009680149143678813
58,0.566664171218872,0.00984373098079473,0.02222723960876465,0.001641321620701168,False,40,50,25,15,200,"{'bootstrap': False, 'max_depth': 40, 'max_features': 50, 'min_samples_leaf': 25, 'min_samples_split': 15, 'n_estimators': 200}",0.7419354838709677,0.6451612903225806,0.6451612903225806,0.4,0.7666666666666667,0.6397434670240261,0.12923320263762436,66,0.7868852459016393,0.7786885245901639,0.8114754098360656,0.8211382113821138,0.7804878048780488,0.7957350393176064,0.01728849953530028
11,0.24768710136413574,0.0076237588333076724,0.025397396087646483,0.0040487783857550514,False,40,2,2,15,200,"{'bootstrap': False, 'max_depth': 40, 'max_features': 2, 'min_samples_leaf': 2, 'min_samples_split': 15, 'n_estimators': 200}",0.7096774193548387,0.5806451612903226,0.7096774193548387,0.43333333333333335,0.7333333333333333,0.6333333333333333,0.11323979970783424,67,0.9262295081967213,0.9262295081967213,0.9590163934426229,0.9186991869918699,0.9349593495934959,0.9330267892842862,0.013977700536727429
88,0.32292995452880857,0.009568360965220141,0.021649837493896484,0.0015652814919045928,False,40,auto,25,15,200,"{'bootstrap': False, 'max_depth': 40, 'max_features': 'auto', 'min_samples_leaf': 25, 'min_samples_split': 15, 'n_estimators': 200}",0.7419354838709677,0.6774193548387096,0.6129032258064516,0.43333333333333335,0.7,0.6333141890813949,0.10807047898905027,68,0.8032786885245902,0.7868852459016393,0.7868852459016393,0.8211382113821138,0.7967479674796748,0.7989870718379315,0.012704431724424654
0,0.2128513813018799,0.00223857209426438,0.02163090705871582,0.0008020860758609548,False,40,1,1,15,200,"{'bootstrap': False, 'max_depth': 40, 'max_features': 1, 'min_samples_leaf': 1, 'min_samples_split': 15, 'n_estimators': 200}",0.7741935483870968,0.6129032258064516,0.6774193548387096,0.43333333333333335,0.6666666666666666,0.6332950448294565,0.11247297571489981,69,0.9918032786885246,0.9836065573770492,0.9918032786885246,0.991869918699187,1.0,0.9918166066906571,0.00518413026898066
37,0.26166329383850095,0.004399628021743569,0.02299013137817383,0.002910527677836671,False,40,10,20,15,200,"{'bootstrap': False, 'max_depth': 40, 'max_features': 10, 'min_samples_leaf': 20, 'min_samples_split': 15, 'n_estimators': 200}",0.7096774193548387,0.6451612903225806,0.5483870967741935,0.43333333333333335,0.7333333333333333,0.6138061963562107,0.11040824290594332,70,0.8114754098360656,0.8114754098360656,0.8032786885245902,0.8292682926829268,0.8048780487804879,0.8120751699320271,0.00922496105459787
98,0.2948110103607178,0.0073366883280081,0.021279096603393555,0.0009992789756170697,False,40,sqrt,25,15,200,"{'bootstrap': False, 'max_depth': 40, 'max_features': 'sqrt', 'min_samples_leaf': 25, 'min_samples_split': 15, 'n_estimators': 200}",0.7419354838709677,0.6774193548387096,0.5161290322580645,0.4,0.7,0.607159950224945,0.1286605336120392,71,0.7868852459016393,0.8114754098360656,0.7868852459016393,0.8211382113821138,0.7886178861788617,0.799000399840064,0.014471068198997336
38,0.25178704261779783,0.008181108465938112,0.022931814193725586,0.0028494014383144456,False,40,10,25,15,200,"{'bootstrap': False, 'max_depth': 40, 'max_features': 10, 'min_samples_leaf': 25, 'min_samples_split': 15, 'n_estimators': 200}",0.7419354838709677,0.6774193548387096,0.6451612903225806,0.36666666666666664,0.6,0.6069844612488433,0.12830218252609438,72,0.8032786885245902,0.7868852459016393,0.7786885245901639,0.8130081300813008,0.7886178861788617,0.7940956950553112,0.012340060263189973
26,0.22421326637268066,0.005175112260164344,0.020134353637695314,0.00031574583921724895,False,40,5,15,15,200,"{'bootstrap': False, 'max_depth': 40, 'max_features': 5, 'min_samples_leaf': 15, 'min_samples_split': 15, 'n_estimators': 200}",0.7096774193548387,0.6451612903225806,0.5806451612903226,0.4,0.6666666666666666,0.6006317603139658,0.10833707194259184,73,0.819672131147541,0.8360655737704918,0.8442622950819673,0.8536585365853658,0.8455284552845529,0.8398373983739837,0.011522641747855732
79,0.6175105571746826,0.03840437061667961,0.021270036697387695,0.0014677025343845045,False,40,100,50,15,200,"{'bootstrap': False, 'max_depth': 40, 'max_features': 100, 'min_samples_leaf': 50, 'min_samples_split': 15, 'n_estimators': 200}",0.7419354838709677,0.5483870967741935,0.5483870967741935,0.43333333333333335,0.6666666666666666,0.5877317252161705,0.10668901552280845,74,0.6721311475409836,0.7213114754098361,0.6557377049180327,0.7073170731707317,0.6747967479674797,0.6862588298014127,0.024226627367908586
27,0.2412856101989746,0.013355729726590784,0.025432109832763672,0.0020705057405476005,False,40,5,20,15,200,"{'bootstrap': False, 'max_depth': 40, 'max_features': 5, 'min_samples_leaf': 20, 'min_samples_split': 15, 'n_estimators': 200}",0.7096774193548387,0.6774193548387096,0.5806451612903226,0.36666666666666664,0.6,0.5874573242717207,0.11991331621749951,75,0.7786885245901639,0.7868852459016393,0.7950819672131147,0.7967479674796748,0.7804878048780488,0.7875783020125283,0.007350800979865435
69,0.4471302032470703,0.006076470494211108,0.018887710571289063,0.0006341794270570657,False,40,75,50,15,200,"{'bootstrap': False, 'max_depth': 40, 'max_features': 75, 'min_samples_leaf': 50, 'min_samples_split': 15, 'n_estimators': 200}",0.7419354838709677,0.5806451612903226,0.5483870967741935,0.43333333333333335,0.6,0.5811843910532529,0.09923039788955655,76,0.680327868852459,0.7131147540983607,0.6475409836065574,0.7154471544715447,0.6504065040650406,0.6813674530187924,0.029234254925337388
28,0.22743697166442872,0.009944165198363933,0.020764636993408202,0.00016723219599282864,False,40,5,25,15,200,"{'bootstrap': False, 'max_depth': 40, 'max_features': 5, 'min_samples_leaf': 25, 'min_samples_split': 15, 'n_estimators': 200}",0.6774193548387096,0.6451612903225806,0.5806451612903226,0.36666666666666664,0.6,0.5744392329536391,0.10893789444701905,77,0.7377049180327869,0.7540983606557377,0.7459016393442623,0.7723577235772358,0.7723577235772358,0.7564840730374518,0.013959095615738234
13,0.19965438842773436,0.0035276357900025316,0.022212982177734375,0.00196607747086807,False,40,2,4,15,200,"{'bootstrap': False, 'max_depth': 40, 'max_features': 2, 'min_samples_leaf': 4, 'min_samples_split': 15, 'n_estimators': 200}",0.6774193548387096,0.6451612903225806,0.6129032258064516,0.36666666666666664,0.5333333333333333,0.5678918987907214,0.1109879226483011,78,0.8360655737704918,0.8524590163934426,0.8770491803278688,0.8536585365853658,0.8780487804878049,0.8594562175129947,0.016030545099356835
12,0.23070225715637208,0.013416336756442172,0.023508310317993164,0.002069833609855983,False,40,2,3,15,200,"{'bootstrap': False, 'max_depth': 40, 'max_features': 2, 'min_samples_leaf': 3, 'min_samples_split': 15, 'n_estimators': 200}",0.7419354838709677,0.5806451612903226,0.6451612903225806,0.36666666666666664,0.5,0.567872754538783,0.12768201146716932,79,0.8934426229508197,0.9016393442622951,0.9180327868852459,0.9024390243902439,0.8536585365853658,0.8938424630147941,0.021609126817108193
59,0.3933903217315674,0.015437558637724665,0.0225522518157959,0.003227820646742005,False,40,50,50,15,200,"{'bootstrap': False, 'max_depth': 40, 'max_features': 50, 'min_samples_leaf': 50, 'min_samples_split': 15, 'n_estimators': 200}",0.7419354838709677,0.6129032258064516,0.4838709677419355,0.36666666666666664,0.6,0.5614211416355572,0.12710522486174225,80,0.680327868852459,0.6721311475409836,0.6311475409836066,0.6991869918699187,0.6260162601626016,0.6617619618819139,0.028523126549587843
89,0.25875229835510255,0.008267880926303131,0.021698856353759767,0.0017983495439893432,False,40,auto,50,15,200,"{'bootstrap': False, 'max_depth': 40, 'max_features': 'auto', 'min_samples_leaf': 50, 'min_samples_split': 15, 'n_estimators': 200}",0.6451612903225806,0.5806451612903226,0.5483870967741935,0.4,0.5666666666666667,0.5485019622858237,0.08088714647834995,81,0.6065573770491803,0.6475409836065574,0.6229508196721312,0.6666666666666666,0.6178861788617886,0.6323204051712649,0.021777058232063766
49,0.307480525970459,0.010409160763134948,0.02318606376647949,0.0025182181903774564,False,40,25,50,15,200,"{'bootstrap': False, 'max_depth': 40, 'max_features': 25, 'min_samples_leaf': 50, 'min_samples_split': 15, 'n_estimators': 200}",0.6451612903225806,0.6129032258064516,0.5483870967741935,0.3333333333333333,0.6,0.548284994097189,0.1115617830277811,82,0.5819672131147541,0.6639344262295082,0.6147540983606558,0.6747967479674797,0.6341463414634146,0.6339197654271624,0.03358049846937707
99,0.21748428344726561,0.026416426776099806,0.018108558654785157,0.0021251693980475455,False,40,sqrt,50,15,200,"{'bootstrap': False, 'max_depth': 40, 'max_features': 'sqrt', 'min_samples_leaf': 50, 'min_samples_split': 15, 'n_estimators': 200}",0.6129032258064516,0.5806451612903226,0.5483870967741935,0.3333333333333333,0.6,0.5352669027791073,0.1029278808115833,83,0.5983606557377049,0.6311475409836066,0.6311475409836066,0.6829268292682927,0.6504065040650406,0.6387978142076502,0.027692413388348804
14,0.21302976608276367,0.010276989413051133,0.02369966506958008,0.0011167989899565764,False,40,2,5,15,200,"{'bootstrap': False, 'max_depth': 40, 'max_features': 2, 'min_samples_leaf': 5, 'min_samples_split': 15, 'n_estimators': 200}",0.6774193548387096,0.6451612903225806,0.5161290322580645,0.3333333333333333,0.4666666666666667,0.528681280112313,0.12479388227160354,84,0.7950819672131147,0.8278688524590164,0.8442622950819673,0.8373983739837398,0.8373983739837398,0.8284019725443155,0.017458105744974126
15,0.20768427848815918,0.009648250949977018,0.022183704376220702,0.0008669518169617563,False,40,2,10,15,200,"{'bootstrap': False, 'max_depth': 40, 'max_features': 2, 'min_samples_leaf': 10, 'min_samples_split': 15, 'n_estimators': 200}",0.6129032258064516,0.5161290322580645,0.5161290322580645,0.36666666666666664,0.5333333333333333,0.5093104878593535,0.07963970724850233,85,0.6721311475409836,0.7459016393442623,0.7540983606557377,0.7560975609756098,0.7073170731707317,0.727109156337465,0.03266867055165828
39,0.21728878021240233,0.005884936884833763,0.0200897216796875,0.0011243250276715875,False,40,10,50,15,200,"{'bootstrap': False, 'max_depth': 40, 'max_features': 10, 'min_samples_leaf': 50, 'min_samples_split': 15, 'n_estimators': 200}",0.6129032258064516,0.5806451612903226,0.45161290322580644,0.3333333333333333,0.5666666666666667,0.5092115758910054,0.10327157545892711,86,0.5819672131147541,0.5983606557377049,0.5819672131147541,0.6504065040650406,0.6016260162601627,0.6028655204584832,0.02512151985352421
1,0.18621249198913575,0.005264804754982288,0.02059774398803711,0.0009682211362740226,False,40,1,2,15,200,"{'bootstrap': False, 'max_depth': 40, 'max_features': 1, 'min_samples_leaf': 2, 'min_samples_split': 15, 'n_estimators': 200}",0.5161290322580645,0.4838709677419355,0.4838709677419355,0.36666666666666664,0.4666666666666667,0.46370887974219077,0.05091652155780389,87,0.7459016393442623,0.8278688524590164,0.7377049180327869,0.8048780487804879,0.7723577235772358,0.777742236438758,0.03433608426224231
16,0.18985166549682617,0.005273624675700138,0.020540761947631835,0.0015613435023748778,False,40,2,15,15,200,"{'bootstrap': False, 'max_depth': 40, 'max_features': 2, 'min_samples_leaf': 15, 'min_samples_split': 15, 'n_estimators': 200}",0.5161290322580645,0.4838709677419355,0.4838709677419355,0.3,0.5,0.45698286589451514,0.07911716210563573,88,0.6147540983606558,0.6721311475409836,0.6475409836065574,0.7154471544715447,0.6585365853658537,0.661681993869119,0.03289974604708797
29,0.20463619232177735,0.006392524030962632,0.022501802444458006,0.0025387996752261376,False,40,5,50,15,200,"{'bootstrap': False, 'max_depth': 40, 'max_features': 5, 'min_samples_leaf': 50, 'min_samples_split': 15, 'n_estimators': 200}",0.5161290322580645,0.45161290322580644,0.45161290322580644,0.3333333333333333,0.5,0.4505918764557607,0.06386529572164844,89,0.4918032786885246,0.5491803278688525,0.5655737704918032,0.6260162601626016,0.5203252032520326,0.5505797680927629,0.045359579533046944
2,0.2062009811401367,0.01859818254017956,0.024000215530395507,0.004031823749289148,False,40,1,3,15,200,"{'bootstrap': False, 'max_depth': 40, 'max_features': 1, 'min_samples_leaf': 3, 'min_samples_split': 15, 'n_estimators': 200}",0.5161290322580645,0.45161290322580644,0.41935483870967744,0.3333333333333333,0.43333333333333335,0.4310264509747615,0.058931234378166594,90,0.6475409836065574,0.6967213114754098,0.5983606557377049,0.7073170731707317,0.6666666666666666,0.6633213381314141,0.03881052432014996
17,0.19665279388427734,0.004412055030959939,0.020415019989013673,0.0012543181678757846,False,40,2,20,15,200,"{'bootstrap': False, 'max_depth': 40, 'max_features': 2, 'min_samples_leaf': 20, 'min_samples_split': 15, 'n_estimators': 200}",0.5161290322580645,0.45161290322580644,0.41935483870967744,0.3,0.36666666666666664,0.4113429692734756,0.07356211710773808,91,0.5655737704918032,0.5655737704918032,0.5983606557377049,0.6910569105691057,0.5772357723577236,0.5995601759296281,0.04728979129238676
18,0.2195906162261963,0.025224861468638164,0.021369028091430663,0.0023067109105237064,False,40,2,25,15,200,"{'bootstrap': False, 'max_depth': 40, 'max_features': 2, 'min_samples_leaf': 25, 'min_samples_split': 15, 'n_estimators': 200}",0.5483870967741935,0.3870967741935484,0.3870967741935484,0.23333333333333334,0.43333333333333335,0.3981270540186975,0.10122658760042984,92,0.4918032786885246,0.5163934426229508,0.5327868852459017,0.6260162601626016,0.5203252032520326,0.5374650139944023,0.04622983104018236
3,0.18922033309936523,0.01657961240100649,0.020726490020751952,0.0014017549214586213,False,40,1,4,15,200,"{'bootstrap': False, 'max_depth': 40, 'max_features': 1, 'min_samples_leaf': 4, 'min_samples_split': 15, 'n_estimators': 200}",0.41935483870967744,0.3870967741935484,0.41935483870967744,0.23333333333333334,0.4666666666666667,0.3851281069525541,0.07972835083657236,93,0.5655737704918032,0.5819672131147541,0.5327868852459017,0.6910569105691057,0.6260162601626016,0.5994802079168332,0.05476277077018107
4,0.17783379554748535,0.003274238021721233,0.019939374923706055,0.0020173678731450154,False,40,1,5,15,200,"{'bootstrap': False, 'max_depth': 40, 'max_features': 1, 'min_samples_leaf': 5, 'min_samples_split': 15, 'n_estimators': 200}",0.45161290322580644,0.3225806451612903,0.3548387096774194,0.23333333333333334,0.4,0.3525445901534731,0.07368210436708178,94,0.5819672131147541,0.5327868852459017,0.5,0.6178861788617886,0.5609756097560976,0.5587231773957083,0.04041465626341458
5,0.18764944076538087,0.014516042287896762,0.02038731575012207,0.002122163199906914,False,40,1,10,15,200,"{'bootstrap': False, 'max_depth': 40, 'max_features': 1, 'min_samples_leaf': 10, 'min_samples_split': 15, 'n_estimators': 200}",0.3225806451612903,0.3548387096774194,0.2903225806451613,0.23333333333333334,0.26666666666666666,0.2938866022143518,0.04233721125881685,95,0.4262295081967213,0.45081967213114754,0.4098360655737705,0.5040650406504065,0.43089430894308944,0.444368919099027,0.03258331002919282
6,0.18759465217590332,0.006013859751250912,0.02194104194641113,0.002937191945056484,False,40,1,15,15,200,"{'bootstrap': False, 'max_depth': 40, 'max_features': 1, 'min_samples_leaf': 15, 'min_samples_split': 15, 'n_estimators': 200}",0.3225806451612903,0.1935483870967742,0.1935483870967742,0.2,0.26666666666666666,0.2351871350626974,0.051778797268304796,96,0.36885245901639346,0.4016393442622951,0.3524590163934426,0.4146341463414634,0.3983739837398374,0.38719178995068637,0.022932740027740754
7,0.16730136871337892,0.006860703200674966,0.019540786743164062,0.0007085886649249687,False,40,1,20,15,200,"{'bootstrap': False, 'max_depth': 40, 'max_features': 1, 'min_samples_leaf': 20, 'min_samples_split': 15, 'n_estimators': 200}",0.3225806451612903,0.16129032258064516,0.16129032258064516,0.23333333333333334,0.16666666666666666,0.2092115758910054,0.06316900661256579,97,0.3114754098360656,0.4016393442622951,0.30327868852459017,0.3902439024390244,0.3170731707317073,0.34474210315873655,0.04218807234832938
19,0.20251736640930176,0.01773876998280637,0.022092294692993165,0.0017403685299753526,False,40,2,50,15,200,"{'bootstrap': False, 'max_depth': 40, 'max_features': 2, 'min_samples_leaf': 50, 'min_samples_split': 15, 'n_estimators': 200}",0.0967741935483871,0.22580645161290322,0.1935483870967742,0.26666666666666666,0.13333333333333333,0.18327430522319008,0.061377144486429634,98,0.19672131147540983,0.3524590163934426,0.2786885245901639,0.37398373983739835,0.2845528455284553,0.297281087564974,0.06252657164105474
8,0.17832574844360352,0.005680263885442284,0.018981027603149413,0.0010235940354872098,False,40,1,25,15,200,"{'bootstrap': False, 'max_depth': 40, 'max_features': 1, 'min_samples_leaf': 25, 'min_samples_split': 15, 'n_estimators': 200}",0.12903225806451613,0.0967741935483871,0.0967741935483871,0.2,0.06666666666666667,0.11790944768833157,0.045379103406232676,99,0.19672131147540983,0.2540983606557377,0.19672131147540983,0.34959349593495936,0.24390243902439024,0.24820738371318138,0.05591781680020117
9,0.17689318656921388,0.005329600340815908,0.019722461700439453,0.00010474507231018035,False,40,1,50,15,200,"{'bootstrap': False, 'max_depth': 40, 'max_features': 1, 'min_samples_leaf': 50, 'min_samples_split': 15, 'n_estimators': 200}",0.0,0.0,0.03225806451612903,0.1,0.0,0.026390351297023072,0.03875111788098122,100,0.00819672131147541,0.00819672131147541,0.04918032786885246,0.10569105691056911,0.04878048780487805,0.044009063041450094,0.035830781409919576
